{"stats":{"minecraft:custom":{"minecraft:time_since_rest":37798,"minecraft:sprint_one_cm":13017,"minecraft:walk_one_cm":173895,"minecraft:damage_taken":2643,"minecraft:damage_absorbed":40,"minecraft:damage_blocked_by_shield":175,"minecraft:mob_kills":3,"minecraft:drop":14,"minecraft:damage_dealt":652,"minecraft:fly_one_cm":124357,"minecraft:player_kills":1,"minecraft:open_chest":3,"minecraft:crouch_one_cm":591,"minecraft:play_time":52214,"minecraft:deaths":4,"minecraft:sneak_time":221,"minecraft:jump":659,"minecraft:leave_game":1,"minecraft:time_since_death":37760,"minecraft:walk_on_water_one_cm":611,"minecraft:total_world_time":52214,"minecraft:damage_resisted":41822,"minecraft:fall_one_cm":30905},"minecraft:used":{"minecells:cursed_sword":4,"minecraft:oak_planks":1,"minecraft:shield":4,"minecraft:spruce_sapling":1,"minecraft:diamond_sword":97,"minecraft:wooden_sword":7,"minecraft:snowball":2},"minecraft:killed":{"minecraft:vindicator":1,"minecraft:player":1},"minecraft:dropped":{"minecraft:iron_ingot":2,"minecells:cursed_sword":1,"minecells:ice_shield":1,"minecraft:snowball":2,"minecells:greed_shield":2,"minecells:bloodthirsty_shield":2,"minecraft:emerald":4},"minecraft:broken":{"minecraft:leather_boots":1},"minecraft:killed_by":{"minecraft:player":1,"minecraft:skeleton":2},"minecraft:mined":{"minecraft:spruce_log":6,"minecraft:grass":1,"minecraft:spruce_leaves":1,"minecraft:oak_planks":1},"minecraft:picked_up":{"minecells:bloodthirsty_shield":2,"minecraft:diamond_sword":1,"minecraft:spruce_sapling":1,"minecells:ice_shield":1,"minecells:cursed_sword":2,"minecraft:spruce_log":6,"minecraft:diamond":2,"minecells:tentacle":1,"minecraft:wheat_seeds":2,"minecraft:gold_nugget":3,"minecraft:iron_ingot":3,"minecells:greed_shield":3,"minecraft:emerald":7,"minecraft:oak_planks":1,"minecraft:snowball":4}},"DataVersion":3465}