{"stats":{"minecraft:custom":{"minecraft:mob_kills":16,"minecraft:open_barrel":7,"minecraft:leave_game":2,"minecraft:time_since_death":5592,"minecraft:damage_resisted":56019,"minecraft:time_since_rest":5654,"minecraft:sprint_one_cm":113630,"minecraft:damage_absorbed":40,"minecraft:damage_taken":4741,"minecraft:walk_one_cm":426580,"minecraft:damage_blocked_by_shield":355,"minecraft:drop":49,"minecraft:damage_dealt":4377,"minecraft:fly_one_cm":307450,"minecraft:player_kills":2,"minecraft:open_chest":26,"minecraft:play_time":115848,"minecraft:crouch_one_cm":1415,"minecraft:deaths":10,"minecraft:sneak_time":337,"minecraft:walk_under_water_one_cm":268,"minecraft:jump":1886,"minecraft:walk_on_water_one_cm":5563,"minecraft:total_world_time":115848,"minecraft:fall_one_cm":70814},"minecraft:used":{"minecells:cursed_sword":6,"minecraft:oak_planks":1,"minecraft:shield":6,"minecraft:warped_roots":1,"minecraft:dirt":17,"minecraft:snowball":2,"minecraft:spruce_log":2,"minecraft:cornflower":10,"minecraft:blue_orchid":5,"minecraft:bread":6,"minecraft:spruce_sapling":1,"minecells:balanced_blade":18,"minecraft:wooden_sword":88,"minecraft:diamond_sword":97},"minecraft:killed":{"minecraft:spider":2,"minecraft:vindicator":1,"minecells:undead_archer":1,"minecraft:zombie":6,"graveyard:reaper":1,"minecells:shocker":1,"minecraft:stray":1,"minecells:grenadier":1,"minecraft:player":1},"minecraft:dropped":{"minecraft:iron_ingot":3,"minecraft:soul_sand":1,"minecraft:wheat_seeds":4,"minecells:cursed_sword":2,"minecraft:diamond":2,"minecraft:rotten_flesh":3,"minecells:greed_shield":3,"minecells:tentacle":1,"minecells:monster_cell":3,"minecraft:emerald":7,"minecraft:diamond_sword":1,"minecraft:tipped_arrow":1,"minecells:infected_flesh":1,"minecraft:shield":1,"minecraft:gunpowder":1,"minecells:balanced_blade":1,"minecells:ice_shield":1,"minecraft:leather_boots":1,"minecraft:snowball":2,"minecells:hattoris_katana":1,"minecraft:wooden_sword":1,"minecraft:spider_eye":1,"minecells:guts":2,"minecraft:gold_nugget":4,"minecells:rampart":1,"minecells:molten_chunk":1,"minecraft:arrow":3,"minecraft:bow":1,"minecells:bloodthirsty_shield":2},"minecraft:broken":{"minecraft:leather_boots":1},"minecraft:killed_by":{"minecraft:player":1,"minecraft:skeleton":2,"minecraft:spider":2,"minecraft:zombie":1,"graveyard:skeleton_creeper":1},"minecraft:mined":{"minecraft:cornflower":3,"minecraft:grass_block":27,"minecraft:spruce_leaves":6,"minecraft:sugar_cane":1,"minecraft:oak_planks":1,"minecraft:spruce_log":8,"minecraft:grass":3,"minecraft:dirt":4,"minecraft:fern":2},"minecraft:picked_up":{"minecraft:diamond_sword":1,"minecells:ice_shield":1,"minecells:cursed_sword":2,"minecraft:gunpowder":1,"minecraft:cornflower":11,"minecraft:dirt":30,"minecraft:string":2,"minecraft:wooden_sword":1,"minecraft:leather_boots":1,"minecraft:blue_orchid":5,"minecells:tentacle":1,"minecraft:bow":2,"minecraft:wheat_seeds":5,"minecraft:gold_nugget":4,"minecraft:iron_ingot":3,"minecells:molten_chunk":1,"minecraft:sugar_cane":2,"minecraft:oak_planks":1,"minecraft:soul_sand":1,"fwaystones:void_totem":1,"minecells:bloodthirsty_shield":2,"minecells:rampart":1,"minecraft:tipped_arrow":1,"minecells:guts":2,"minecells:monster_cell":3,"minecells:infected_flesh":1,"minecells:balanced_blade":1,"minecraft:spruce_sapling":1,"minecraft:spruce_log":8,"minecraft:spider_eye":1,"minecraft:arrow":3,"minecraft:rotten_flesh":3,"minecraft:diamond":2,"minecraft:warped_roots":1,"minecells:greed_shield":3,"minecraft:emerald":7,"minecells:hattoris_katana":1,"minecraft:snowball":4}},"DataVersion":3465}