{"stats":{"minecraft:killed_by":{"minecraft:player":1,"minecraft:skeleton":2,"minecraft:spider":2,"minecraft:zombie":1,"graveyard:skeleton_creeper":1},"minecraft:custom":{"minecraft:interact_with_furnace":14,"minecraft:mob_kills":16,"minecraft:tune_noteblock":4,"minecraft:interact_with_crafting_table":4,"minecraft:open_barrel":17,"minecraft:interact_with_loom":1,"minecraft:eat_cake_slice":1,"minecraft:interact_with_stonecutter":1,"minecraft:leave_game":2,"minecraft:time_since_death":49102,"minecraft:climb_one_cm":70,"minecraft:sleep_in_bed":3,"minecraft:damage_resisted":56019,"minecraft:time_since_rest":159,"minecraft:sprint_one_cm":172186,"minecraft:damage_absorbed":40,"minecraft:damage_taken":5087,"minecraft:walk_one_cm":594734,"minecraft:damage_blocked_by_shield":355,"minecraft:drop":50,"minecraft:damage_dealt":4497,"minecraft:talked_to_villager":14,"minecraft:fly_one_cm":366458,"minecraft:player_kills":2,"minecraft:open_chest":79,"minecraft:play_time":159358,"minecraft:crouch_one_cm":1846,"minecraft:deaths":10,"minecraft:sneak_time":375,"minecraft:walk_under_water_one_cm":1033,"minecraft:jump":2456,"minecraft:interact_with_blast_furnace":1,"minecraft:walk_on_water_one_cm":9335,"minecraft:total_world_time":159358,"minecraft:fall_one_cm":84448},"minecraft:crafted":{"minecraft:cooked_beef":2,"minecraft:cooked_porkchop":7,"minecraft:spruce_planks":24,"minecraft:cooked_chicken":1,"minecraft:air":0,"minecraft:cooked_rabbit":1},"minecraft:dropped":{"minecraft:iron_ingot":3,"minecraft:soul_sand":1,"minecraft:wheat_seeds":5,"minecells:cursed_sword":2,"minecraft:diamond":2,"minecraft:rotten_flesh":3,"minecells:greed_shield":3,"minecells:tentacle":1,"minecells:monster_cell":3,"minecraft:emerald":7,"minecraft:diamond_sword":1,"minecraft:tipped_arrow":1,"minecells:infected_flesh":1,"minecraft:shield":1,"minecraft:gunpowder":1,"minecells:balanced_blade":1,"minecells:ice_shield":1,"minecraft:leather_boots":1,"minecraft:snowball":2,"minecells:hattoris_katana":1,"minecraft:spider_eye":1,"minecraft:gold_nugget":4,"minecells:guts":2,"minecraft:wooden_sword":1,"minecells:molten_chunk":1,"minecells:rampart":1,"minecraft:arrow":3,"minecraft:bow":1,"minecells:bloodthirsty_shield":2},"minecraft:picked_up":{"minecraft:charcoal":21,"minecraft:clock":1,"minecraft:chicken":1,"minecraft:flower_pot":1,"archers:mechanic_shortbow":1,"minecraft:diamond_sword":1,"minecells:ice_shield":1,"minecells:cursed_sword":2,"minecraft:gunpowder":1,"minecraft:cornflower":11,"minecraft:dirt":37,"minecraft:string":2,"minecraft:item_frame":1,"minecraft:wooden_sword":1,"minecraft:leather_boots":1,"minecraft:acacia_planks":1,"minecraft:blue_orchid":5,"minecells:tentacle":1,"minecraft:bow":2,"minecraft:wheat_seeds":5,"minecraft:gold_nugget":4,"paladins:acolyte_wand":1,"minecraft:iron_ingot":6,"minecraft:calcite":1,"minecraft:rabbit":1,"minecells:molten_chunk":1,"minecraft:sugar_cane":2,"minecraft:oak_planks":1,"minecraft:soul_sand":1,"fwaystones:void_totem":1,"minecraft:book":2,"minecells:bloodthirsty_shield":2,"minecells:rampart":1,"minecraft:tipped_arrow":1,"minecells:guts":2,"minecraft:cooked_porkchop":1,"minecells:monster_cell":3,"minecells:infected_flesh":1,"minecells:balanced_blade":1,"minecraft:spruce_sapling":1,"minecraft:spruce_log":8,"minecraft:spider_eye":1,"minecraft:arrow":3,"minecraft:rotten_flesh":3,"minecraft:diamond":2,"minecraft:emerald":7,"minecells:greed_shield":3,"minecraft:warped_roots":1,"minecells:hattoris_katana":1,"minecraft:snowball":4},"minecraft:mined":{"minecraft:cornflower":3,"minecraft:calcite":1,"minecraft:grass_block":27,"minecraft:spruce_leaves":6,"minecraft:sugar_cane":1,"minecraft:oak_planks":1,"minecraft:glowstone":1,"minecraft:spruce_log":8,"minecraft:grass":3,"minecraft:flower_pot":1,"minecraft:dirt":11,"minecraft:acacia_planks":1,"minecraft:fern":2},"minecraft:used":{"minecraft:calcite":1,"minecells:cursed_sword":6,"minecraft:oak_planks":1,"minecraft:wooden_pickaxe":1,"minecraft:leather_chestplate":1,"minecraft:shield":6,"minecraft:warped_roots":1,"minecraft:dirt":34,"minecraft:snowball":2,"minecraft:spruce_log":2,"minecraft:flower_pot":1,"minecraft:cornflower":10,"minecraft:bread":8,"minecraft:blue_orchid":5,"minecraft:leather_helmet":1,"minecraft:spruce_sapling":1,"minecraft:item_frame":1,"minecells:balanced_blade":18,"minecraft:wooden_sword":93,"minecraft:diamond_sword":97,"minecraft:acacia_planks":1,"minecraft:experience_bottle":2},"minecraft:killed":{"minecraft:spider":2,"minecraft:vindicator":1,"minecells:undead_archer":1,"minecraft:zombie":6,"graveyard:reaper":1,"minecells:shocker":1,"minecraft:stray":1,"minecells:grenadier":1,"minecraft:player":1},"minecraft:broken":{"minecraft:leather_boots":1}},"DataVersion":3465}