{"stats":{"minecraft:killed_by":{"minecraft:player":1,"minecraft:zombified_piglin":1,"minecraft:wither_skeleton":4,"minecraft:spider":2,"graveyard:skeleton_creeper":1,"minecraft:piglin":2,"minecraft:skeleton":2,"minecraft:zombie":1},"minecraft:crafted":{"minecraft:cooked_chicken":1,"minecraft:cooked_rabbit":1,"minecraft:cooked_beef":2,"minecraft:cooked_porkchop":7,"minecraft:spruce_planks":24,"minecraft:air":0},"minecraft:custom":{"minecraft:mob_kills":33,"minecraft:interact_with_crafting_table":4,"minecraft:open_barrel":18,"minecraft:eat_cake_slice":1,"minecraft:leave_game":2,"minecraft:time_since_death":5244,"minecraft:climb_one_cm":3898,"minecraft:damage_resisted":56019,"minecraft:sprint_one_cm":336029,"minecraft:walk_one_cm":915437,"minecraft:damage_blocked_by_shield":355,"minecraft:drop":73,"minecraft:talked_to_villager":15,"minecraft:play_time":231358,"minecraft:deaths":19,"minecraft:sneak_time":5640,"minecraft:walk_under_water_one_cm":1033,"minecraft:boat_one_cm":4487,"minecraft:jump":3023,"minecraft:interact_with_blast_furnace":1,"minecraft:walk_on_water_one_cm":9335,"minecraft:total_world_time":231358,"minecraft:interact_with_furnace":17,"minecraft:tune_noteblock":4,"minecraft:interact_with_loom":1,"minecraft:interact_with_stonecutter":1,"minecraft:sleep_in_bed":4,"minecraft:time_since_rest":5319,"minecraft:damage_taken":8888,"minecraft:damage_absorbed":40,"minecraft:damage_dealt":10945,"minecraft:player_kills":2,"minecraft:fly_one_cm":438240,"minecraft:open_chest":102,"minecraft:crouch_one_cm":12020,"minecraft:interact_with_smoker":1,"minecraft:fall_one_cm":113959},"minecraft:picked_up":{"minecraft:charcoal":21,"rogues:warrior_armor_chest":1,"betternether:nether_reed_roof_stairs":2,"minecraft:chicken":1,"minecraft:flower_pot":1,"archers:mechanic_shortbow":1,"minecraft:diamond_sword":1,"minecells:ice_shield":1,"minecells:cursed_sword":2,"betternether:nether_brick_tile_large":1,"minecraft:cornflower":11,"minecraft:string":2,"minecraft:wooden_sword":1,"minecraft:item_frame":1,"minecraft:blue_orchid":5,"minecells:tentacle":1,"minecraft:gold_nugget":4,"bosses_of_mass_destruction:soul_star":1,"minecraft:calcite":2,"minecells:molten_chunk":1,"minecraft:sugar_cane":2,"minecraft:tipped_arrow":1,"minecells:bloodthirsty_shield":2,"minecells:guts":2,"minecraft:stripped_mangrove_wood":3,"betternether:cincinnasite_sword":1,"minecraft:torch":1,"minecraft:acacia_log":1,"minecells:balanced_blade":1,"rogues:warrior_armor_legs":1,"minecraft:dark_oak_planks":2,"betternether:lapis_pile":6,"minecraft:arrow":3,"minecraft:rotten_flesh":3,"rogues:warrior_spell_book":1,"minecells:hattoris_katana":1,"minecraft:snowball":4,"minecraft:clock":1,"rogues:warrior_armor_head":1,"minecraft:gunpowder":1,"minecraft:dirt":37,"minecraft:leather_boots":1,"minecraft:bone":20,"minecraft:acacia_planks":13,"minecraft:bow":2,"minecraft:wheat_seeds":5,"paladins:acolyte_wand":1,"minecraft:iron_ingot":6,"minecraft:rabbit":1,"minecraft:oak_planks":1,"minecraft:soul_sand":1,"fwaystones:void_totem":1,"minecraft:book":2,"minecells:rampart":1,"paladins:iron_claymore":1,"minecraft:cooked_porkchop":15,"betternether:stalagnate_ladder":2,"minecells:monster_cell":3,"minecells:infected_flesh":1,"betternether:bone_tile":2,"minecraft:spruce_sapling":1,"minecraft:spruce_log":8,"betternether:cincinnasite_forged":1,"minecraft:spider_eye":1,"minecraft:diamond":2,"rogues:warrior_armor_feet":1,"minecraft:bread":7,"minecraft:warped_roots":1,"minecells:greed_shield":3,"minecraft:emerald":7,"minecraft:netherrack":225,"minecraft:coal":6,"betternether:nether_brick_tile_stairs":1,"minecraft:diamond_pickaxe":2},"minecraft:dropped":{"minecraft:iron_ingot":3,"minecraft:soul_sand":1,"minecraft:wheat_seeds":5,"minecraft:diamond":2,"minecells:greed_shield":3,"minecells:tentacle":1,"minecraft:leather_helmet":1,"minecraft:emerald":7,"minecells:infected_flesh":1,"minecells:hattoris_katana":1,"minecraft:snowball":2,"paladins:priest_robe_legs":1,"minecraft:wooden_sword":1,"minecraft:gold_nugget":4,"minecells:molten_chunk":1,"paladins:paladin_armor_chest":1,"minecells:bloodthirsty_shield":2,"minecells:cursed_sword":2,"minecraft:rotten_flesh":3,"minecells:monster_cell":3,"minecraft:diamond_sword":1,"minecraft:leather_chestplate":2,"minecraft:tipped_arrow":1,"minecraft:shield":1,"minecraft:gunpowder":1,"minecells:balanced_blade":1,"minecraft:diamond_pickaxe":1,"paladins:iron_claymore":1,"minecells:ice_shield":1,"minecraft:leather_boots":1,"paladins:acolyte_wand":1,"minecells:guts":2,"minecraft:spider_eye":1,"minecells:rampart":1,"minecraft:arrow":3,"minecraft:bow":1,"minecraft:netherrack":15},"minecraft:mined":{"minecraft:dark_oak_planks":2,"minecraft:grass_block":27,"minecraft:spruce_leaves":6,"minecraft:glowstone":1,"betternether:nether_brick_tile_large":1,"betternether:nether_lapis_ore":1,"minecraft:stripped_mangrove_wood":3,"betternether:nether_brick_tile_stairs":1,"minecraft:cornflower":3,"minecraft:calcite":2,"betternether:cincinnasite_forged":1,"minecraft:oak_planks":1,"minecraft:sugar_cane":1,"minecraft:spruce_log":8,"minecraft:grass":3,"betternether:bone_tile":1,"minecraft:flower_pot":1,"minecraft:dirt":11,"minecraft:acacia_planks":1,"minecraft:netherrack":237,"minecraft:fern":2},"minecraft:used":{"betternether:stalagnate_ladder":2,"minecells:cursed_sword":6,"minecraft:shield":6,"minecraft:netherrack":222,"minecraft:torch":1,"minecraft:dirt":35,"minecraft:snowball":2,"minecraft:blue_orchid":5,"paladins:iron_claymore":138,"minecraft:item_frame":1,"minecells:balanced_blade":18,"minecraft:acacia_planks":1,"minecraft:calcite":2,"minecraft:oak_planks":1,"minecraft:leather_chestplate":1,"minecraft:wooden_pickaxe":22,"minecraft:warped_roots":1,"minecraft:stripped_mangrove_wood":3,"expandeddelight:sweet_potato":4,"minecraft:spruce_log":2,"betternether:nether_brick_tile_large":1,"minecraft:diamond_pickaxe":226,"minecraft:flower_pot":1,"minecraft:cornflower":10,"betternether:nether_reed_roof_stairs":2,"minecraft:bread":15,"minecraft:leather_helmet":1,"minecraft:spruce_sapling":1,"betternether:cincinnasite_forged":1,"minecraft:diamond_sword":97,"minecraft:wooden_sword":93,"minecraft:cooked_porkchop":3,"minecraft:experience_bottle":2},"minecraft:killed":{"minecraft:zombified_piglin":1,"minecraft:vindicator":1,"minecraft:spider":2,"minecells:undead_archer":1,"graveyard:reaper":1,"minecells:grenadier":1,"minecraft:zombie":6,"minecells:shocker":1,"minecraft:stray":1,"minecraft:wither_skeleton":16,"minecraft:player":1},"minecraft:broken":{"minecraft:leather_boots":1}},"DataVersion":3465}