{"stats":{"minecraft:custom":{"minecraft:mob_kills":11,"minecraft:leave_game":1,"minecraft:time_since_death":2945,"minecraft:damage_resisted":56019,"minecraft:time_since_rest":3107,"minecraft:sprint_one_cm":26278,"minecraft:damage_absorbed":40,"minecraft:damage_taken":3447,"minecraft:walk_one_cm":351214,"minecraft:damage_blocked_by_shield":355,"minecraft:drop":48,"minecraft:damage_dealt":2912,"minecraft:fly_one_cm":167463,"minecraft:player_kills":2,"minecraft:open_chest":19,"minecraft:play_time":88214,"minecraft:crouch_one_cm":855,"minecraft:deaths":5,"minecraft:sneak_time":258,"minecraft:jump":1163,"minecraft:walk_on_water_one_cm":611,"minecraft:total_world_time":88214,"minecraft:fall_one_cm":43436},"minecraft:used":{"minecells:cursed_sword":6,"minecraft:oak_planks":1,"minecraft:shield":6,"minecraft:snowball":2,"minecraft:spruce_log":2,"minecraft:bread":2,"minecraft:spruce_sapling":1,"minecells:balanced_blade":18,"minecraft:wooden_sword":46,"minecraft:diamond_sword":97},"minecraft:killed":{"minecraft:vindicator":1,"minecells:undead_archer":1,"minecraft:zombie":3,"graveyard:reaper":1,"minecells:shocker":1,"minecraft:stray":1,"minecells:grenadier":1,"minecraft:player":1},"minecraft:dropped":{"minecraft:iron_ingot":3,"minecraft:soul_sand":1,"minecraft:wheat_seeds":4,"minecells:cursed_sword":2,"minecraft:diamond":2,"minecraft:rotten_flesh":3,"minecells:greed_shield":3,"minecells:tentacle":1,"minecells:monster_cell":3,"minecraft:emerald":7,"minecraft:diamond_sword":1,"minecraft:tipped_arrow":1,"minecells:infected_flesh":1,"minecraft:shield":1,"minecraft:gunpowder":1,"minecells:balanced_blade":1,"minecells:ice_shield":1,"minecraft:snowball":2,"minecells:hattoris_katana":1,"minecraft:wooden_sword":1,"minecraft:spider_eye":1,"minecells:guts":2,"minecraft:gold_nugget":4,"minecells:rampart":1,"minecells:molten_chunk":1,"minecraft:arrow":3,"minecraft:bow":1,"minecells:bloodthirsty_shield":2},"minecraft:broken":{"minecraft:leather_boots":1},"minecraft:killed_by":{"minecraft:player":1,"minecraft:skeleton":2},"minecraft:mined":{"minecraft:spruce_leaves":1,"minecraft:oak_planks":1,"minecraft:spruce_log":7,"minecraft:grass":2},"minecraft:picked_up":{"minecraft:diamond_sword":1,"minecells:ice_shield":1,"minecells:cursed_sword":2,"minecraft:gunpowder":1,"minecells:tentacle":1,"minecraft:bow":1,"minecraft:wheat_seeds":4,"minecraft:gold_nugget":4,"minecraft:iron_ingot":3,"minecells:molten_chunk":1,"minecraft:oak_planks":1,"minecraft:soul_sand":1,"fwaystones:void_totem":1,"minecells:bloodthirsty_shield":2,"minecells:rampart":1,"minecraft:tipped_arrow":1,"minecells:guts":2,"minecells:monster_cell":3,"minecells:infected_flesh":1,"minecells:balanced_blade":1,"minecraft:spruce_sapling":1,"minecraft:spruce_log":7,"minecraft:spider_eye":1,"minecraft:arrow":3,"minecraft:rotten_flesh":3,"minecraft:diamond":2,"minecells:greed_shield":3,"minecraft:emerald":7,"minecells:hattoris_katana":1,"minecraft:snowball":4}},"DataVersion":3465}