{"stats":{"minecraft:custom":{"minecraft:jump":46,"minecraft:time_since_rest":763,"minecraft:crouch_one_cm":220,"minecraft:sprint_one_cm":7627,"minecraft:walk_one_cm":12867,"minecraft:leave_game":1,"minecraft:play_time":4214,"minecraft:damage_taken":945,"minecraft:time_since_death":677,"minecraft:deaths":2,"minecraft:sneak_time":65,"minecraft:total_world_time":4214,"minecraft:fall_one_cm":685,"minecraft:fly_one_cm":3319},"minecraft:killed_by":{"minecraft:player":1,"minecraft:skeleton":1}},"DataVersion":3465}