{"stats":{"minecraft:custom":{"minecraft:time_since_rest":1798,"minecraft:open_chest":1,"minecraft:crouch_one_cm":309,"minecraft:damage_absorbed":40,"minecraft:play_time":16214,"minecraft:sprint_one_cm":9193,"minecraft:deaths":4,"minecraft:damage_taken":2479,"minecraft:walk_one_cm":65704,"minecraft:sneak_time":75,"minecraft:damage_blocked_by_shield":175,"minecraft:mob_kills":1,"minecraft:jump":172,"minecraft:damage_dealt":168,"minecraft:leave_game":1,"minecraft:walk_on_water_one_cm":611,"minecraft:time_since_death":1760,"minecraft:total_world_time":16214,"minecraft:fall_one_cm":6872,"minecraft:fly_one_cm":33410},"minecraft:used":{"minecraft:wooden_sword":7,"minecraft:shield":4},"minecraft:killed_by":{"minecraft:skeleton":2,"minecraft:player":1},"minecraft:picked_up":{"minecells:bloodthirsty_shield":1,"minecells:tentacle":1,"minecells:greed_shield":1}},"DataVersion":3465}