{"stats":{"minecraft:custom":{"minecraft:time_since_rest":25798,"minecraft:sprint_one_cm":9311,"minecraft:walk_one_cm":134501,"minecraft:damage_taken":2503,"minecraft:damage_absorbed":40,"minecraft:damage_blocked_by_shield":175,"minecraft:mob_kills":3,"minecraft:drop":11,"minecraft:damage_dealt":333,"minecraft:fly_one_cm":81416,"minecraft:open_chest":2,"minecraft:crouch_one_cm":503,"minecraft:play_time":40214,"minecraft:deaths":4,"minecraft:sneak_time":213,"minecraft:jump":530,"minecraft:leave_game":1,"minecraft:time_since_death":25760,"minecraft:walk_on_water_one_cm":611,"minecraft:total_world_time":40214,"minecraft:damage_resisted":31561,"minecraft:fall_one_cm":13789},"minecraft:used":{"minecraft:shield":4,"minecraft:spruce_sapling":1,"minecraft:diamond_sword":97,"minecraft:wooden_sword":7},"minecraft:killed":{"minecraft:vindicator":1},"minecraft:dropped":{"minecraft:iron_ingot":2,"minecells:ice_shield":1,"minecells:greed_shield":2,"minecells:bloodthirsty_shield":2,"minecraft:emerald":4},"minecraft:broken":{"minecraft:leather_boots":1},"minecraft:killed_by":{"minecraft:player":1,"minecraft:skeleton":2},"minecraft:mined":{"minecraft:spruce_log":6,"minecraft:grass":1,"minecraft:spruce_leaves":1},"minecraft:picked_up":{"minecells:bloodthirsty_shield":2,"minecraft:diamond_sword":1,"minecraft:spruce_sapling":1,"minecells:ice_shield":1,"minecraft:spruce_log":6,"minecells:tentacle":1,"minecraft:wheat_seeds":2,"minecraft:gold_nugget":2,"minecraft:iron_ingot":3,"minecells:greed_shield":3,"minecraft:emerald":6}},"DataVersion":3465}