{"stats":{"minecraft:killed_by":{"minecraft:player":2,"minecraft:zombified_piglin":1,"minecraft:wither_skeleton":18,"minecraft:spider":2,"graveyard:skeleton_creeper":1,"minecraft:piglin":2,"minecraft:hoglin":9,"minecraft:skeleton":4,"minecraft:zombie":1},"minecraft:crafted":{"minecraft:cooked_chicken":1,"betternether:nether_ruby_block":2,"minecraft:cooked_rabbit":1,"minecraft:cooked_beef":2,"minecraft:cooked_porkchop":7,"minecraft:spruce_planks":24,"betternether:nether_ruby":9,"minecraft:air":0},"minecraft:custom":{"minecraft:mob_kills":78,"minecraft:interact_with_crafting_table":5,"minecraft:open_barrel":18,"minecraft:eat_cake_slice":1,"minecraft:leave_game":2,"minecraft:time_since_death":9699,"minecraft:climb_one_cm":21424,"minecraft:damage_resisted":56019,"minecraft:sprint_one_cm":545113,"minecraft:walk_one_cm":1231451,"minecraft:damage_blocked_by_shield":355,"minecraft:drop":97,"minecraft:talked_to_villager":15,"minecraft:play_time":321358,"minecraft:deaths":46,"minecraft:sneak_time":14386,"minecraft:walk_under_water_one_cm":33192,"minecraft:boat_one_cm":4487,"minecraft:jump":4390,"minecraft:interact_with_blast_furnace":1,"minecraft:walk_on_water_one_cm":15643,"minecraft:total_world_time":321358,"minecraft:interact_with_furnace":18,"minecraft:tune_noteblock":4,"minecraft:interact_with_loom":1,"minecraft:interact_with_stonecutter":1,"minecraft:sleep_in_bed":4,"minecraft:time_since_rest":9729,"minecraft:damage_taken":18939,"minecraft:damage_absorbed":80,"minecraft:damage_dealt":24705,"minecraft:player_kills":2,"minecraft:fly_one_cm":600733,"minecraft:open_chest":120,"minecraft:crouch_one_cm":26840,"minecraft:interact_with_smoker":3,"minecraft:fall_one_cm":156481},"minecraft:picked_up":{"minecraft:charcoal":21,"rogues:warrior_armor_chest":1,"betternether:nether_reed_roof_stairs":2,"minecraft:chicken":1,"minecraft:ladder":81,"minecraft:flower_pot":1,"archers:mechanic_shortbow":1,"minecraft:diamond_sword":1,"minecells:ice_shield":1,"minecells:cursed_sword":2,"betternether:nether_brick_tile_large":1,"minecraft:cornflower":11,"minecraft:string":2,"minecraft:wooden_sword":1,"minecraft:item_frame":1,"minecraft:shroomlight":4,"minecraft:blue_orchid":5,"minecells:tentacle":1,"minecraft:gold_nugget":4,"bosses_of_mass_destruction:soul_star":1,"minecraft:spruce_planks":8,"minecraft:calcite":2,"minecells:molten_chunk":1,"minecraft:sugar_cane":2,"minecraft:tipped_arrow":1,"minecells:bloodthirsty_shield":3,"minecells:guts":2,"minecraft:stripped_mangrove_wood":3,"betternether:cincinnasite_diamond_upgrade_smithing_template":3,"betternether:cincinnasite_sword":1,"minecraft:torch":4,"minecraft:acacia_log":1,"minecells:balanced_blade":1,"minecraft:porkchop":42,"rogues:warrior_armor_legs":1,"minecraft:dark_oak_planks":8,"betternether:lapis_pile":6,"minecraft:arrow":7,"minecraft:rotten_flesh":7,"minecraft:cyan_terracotta":2,"rogues:warrior_spell_book":1,"minecells:hattoris_katana":1,"minecraft:snowball":4,"minecraft:clock":1,"rogues:warrior_armor_head":1,"minecraft:leather":5,"minecraft:acacia_wood":2,"minecraft:stripped_spruce_wood":3,"minecraft:gunpowder":1,"jewelry:netherite_tanzanite_necklace":1,"minecraft:dirt":41,"minecraft:cut_sandstone_slab":1,"minecraft:leather_boots":1,"minecraft:bone":67,"minecraft:acacia_planks":62,"minecraft:bow":3,"minecraft:wheat_seeds":5,"minecraft:spruce_wood":5,"paladins:acolyte_wand":1,"minecraft:iron_ingot":6,"minecraft:rabbit":1,"jewelry:ruby_ring":1,"minecraft:acacia_sapling":2,"minecraft:oak_planks":1,"minecraft:soul_sand":1,"fwaystones:void_totem":1,"minecraft:book":2,"minecells:rampart":1,"paladins:iron_claymore":2,"minecraft:cooked_porkchop":15,"betternether:stalagnate_ladder":2,"minecells:monster_cell":3,"minecraft:stripped_acacia_wood":3,"minecells:infected_flesh":1,"betternether:bone_tile":2,"minecraft:spruce_sapling":1,"minecraft:spruce_log":8,"betternether:cincinnasite_forged":1,"minecraft:spider_eye":1,"minecraft:dark_prismarine":7,"minecraft:slime_ball":22,"minecraft:diamond":2,"rogues:warrior_armor_feet":1,"minecraft:diamond_axe":1,"minecraft:birch_sign":1,"minecraft:bread":7,"minecraft:warped_roots":1,"minecells:greed_shield":3,"minecraft:emerald":7,"minecraft:acacia_slab":2,"minecraft:netherrack":226,"minecraft:coal":20,"betternether:nether_brick_tile_stairs":1,"minecraft:diamond_pickaxe":2},"minecraft:dropped":{"minecraft:iron_ingot":3,"minecraft:soul_sand":1,"minecraft:porkchop":10,"minecraft:wheat_seeds":5,"minecraft:diamond_axe":1,"minecraft:diamond":2,"minecells:greed_shield":3,"minecells:tentacle":1,"minecraft:leather":5,"minecraft:cut_sandstone_slab":1,"minecraft:coal":14,"betternether:cincinnasite_diamond_upgrade_smithing_template":3,"minecraft:leather_helmet":1,"minecraft:emerald":7,"minecells:infected_flesh":1,"minecraft:torch":2,"minecells:hattoris_katana":1,"minecraft:snowball":2,"paladins:priest_robe_legs":1,"minecraft:wooden_sword":2,"minecraft:gold_nugget":4,"minecells:molten_chunk":1,"paladins:paladin_armor_chest":1,"minecells:bloodthirsty_shield":3,"minecells:cursed_sword":2,"minecraft:rotten_flesh":7,"minecraft:stripped_acacia_wood":1,"minecells:monster_cell":3,"bosses_of_mass_destruction:soul_star":1,"minecraft:diamond_sword":1,"betternether:cincinnasite_sword":1,"minecraft:leather_chestplate":2,"minecraft:tipped_arrow":1,"minecraft:shield":1,"minecraft:gunpowder":1,"minecells:balanced_blade":1,"minecraft:diamond_pickaxe":1,"paladins:iron_claymore":1,"minecells:ice_shield":1,"minecraft:acacia_sapling":2,"minecraft:leather_boots":1,"paladins:acolyte_wand":1,"minecraft:birch_sign":1,"minecells:guts":2,"minecraft:spider_eye":1,"minecells:rampart":1,"minecraft:slime_ball":22,"minecraft:arrow":3,"minecraft:bow":1,"minecraft:wooden_pickaxe":1,"minecraft:netherrack":15},"minecraft:mined":{"minecraft:dark_oak_planks":6,"minecraft:dark_prismarine":10,"minecraft:spruce_planks":7,"minecraft:cut_sandstone_slab":1,"minecraft:grass_block":27,"minecraft:acacia_slab":1,"minecraft:spruce_leaves":6,"minecraft:spawner":1,"minecraft:glowstone":1,"minecraft:acacia_wood":1,"minecraft:shroomlight":4,"betternether:nether_brick_tile_large":1,"minecraft:spruce_wood":8,"betternether:nether_lapis_ore":1,"minecraft:stripped_mangrove_wood":3,"betternether:nether_brick_tile_stairs":1,"minecraft:cyan_terracotta":3,"minecraft:cornflower":3,"minecraft:calcite":2,"betternether:cincinnasite_forged":1,"minecraft:oak_planks":1,"minecraft:sugar_cane":1,"minecraft:wall_torch":1,"minecraft:stripped_spruce_wood":3,"minecraft:spruce_log":8,"minecraft:grass":3,"betternether:bone_tile":1,"minecraft:flower_pot":1,"minecraft:dirt":13,"minecraft:stripped_acacia_wood":3,"minecraft:acacia_planks":6,"minecraft:netherrack":238,"minecraft:fern":2},"minecraft:used":{"betternether:stalagnate_ladder":2,"minecells:cursed_sword":6,"minecraft:ladder":81,"minecraft:spruce_planks":20,"minecraft:shield":6,"minecraft:netherrack":251,"minecraft:torch":2,"minecraft:dirt":41,"minecraft:snowball":2,"minecraft:shroomlight":4,"minecraft:dark_oak_planks":2,"minecraft:spruce_wood":2,"minecraft:blue_orchid":5,"paladins:iron_claymore":328,"minecraft:item_frame":1,"minecells:balanced_blade":18,"archers:mechanic_shortbow":4,"minecraft:acacia_wood":2,"minecraft:acacia_planks":59,"minecraft:stripped_spruce_wood":3,"minecraft:calcite":2,"minecraft:oak_planks":1,"minecraft:leather_chestplate":1,"minecraft:wooden_pickaxe":22,"minecraft:diamond_axe":25,"minecraft:warped_roots":1,"minecraft:golden_apple":1,"minecraft:stripped_mangrove_wood":3,"expandeddelight:sweet_potato":4,"minecraft:spruce_log":2,"betternether:nether_brick_tile_large":1,"minecraft:diamond_pickaxe":263,"minecraft:flower_pot":1,"minecraft:cornflower":10,"betternether:nether_reed_roof_stairs":2,"minecraft:bread":15,"minecraft:leather_helmet":1,"minecraft:spruce_sapling":1,"betternether:cincinnasite_forged":1,"minecraft:diamond_sword":97,"minecraft:wooden_sword":93,"minecraft:cooked_porkchop":15,"minecraft:experience_bottle":3},"minecraft:killed":{"minecraft:zombified_piglin":1,"minecraft:vindicator":1,"minecraft:spider":2,"minecells:undead_archer":1,"minecraft:slime":13,"minecraft:phantom":1,"minecraft:skeleton":2,"graveyard:reaper":1,"minecells:grenadier":1,"minecraft:hoglin":11,"minecraft:zombie":8,"minecells:shocker":1,"minecraft:stray":1,"minecraft:wither_skeleton":31,"minecraft:player":1},"minecraft:broken":{"minecraft:leather_boots":1}},"DataVersion":3465}