{"stats":{"minecraft:custom":{"minecraft:time_since_rest":13798,"minecraft:open_chest":2,"minecraft:crouch_one_cm":503,"minecraft:damage_absorbed":40,"minecraft:play_time":28214,"minecraft:sprint_one_cm":9193,"minecraft:deaths":4,"minecraft:damage_taken":2503,"minecraft:walk_one_cm":90955,"minecraft:sneak_time":191,"minecraft:damage_blocked_by_shield":175,"minecraft:mob_kills":1,"minecraft:drop":6,"minecraft:jump":361,"minecraft:damage_dealt":233,"minecraft:leave_game":1,"minecraft:walk_on_water_one_cm":611,"minecraft:time_since_death":13760,"minecraft:total_world_time":28214,"minecraft:damage_resisted":11808,"minecraft:fall_one_cm":9753,"minecraft:fly_one_cm":43254},"minecraft:used":{"minecraft:diamond_sword":97,"minecraft:wooden_sword":7,"minecraft:shield":4,"minecraft:spruce_sapling":1},"minecraft:dropped":{"minecraft:iron_ingot":2,"minecells:greed_shield":1,"minecells:bloodthirsty_shield":1,"minecraft:emerald":2},"minecraft:broken":{"minecraft:leather_boots":1},"minecraft:killed_by":{"minecraft:skeleton":2,"minecraft:player":1},"minecraft:mined":{"minecraft:spruce_leaves":1,"minecraft:spruce_log":6},"minecraft:picked_up":{"minecells:bloodthirsty_shield":1,"minecells:tentacle":1,"minecraft:diamond_sword":1,"minecraft:spruce_sapling":1,"minecraft:iron_ingot":3,"minecraft:emerald":3,"minecells:greed_shield":1,"minecraft:spruce_log":6}},"DataVersion":3465}