{"stats":{"minecraft:killed":{"minecraft:vindicator":7,"minecraft:spider":1,"illagerinvasion:marauder":2,"illagerinvasion:basher":1,"naturalist:boar":4,"minecraft:skeleton":7,"illagerinvasion:provoker":4,"minecraft:silverfish":1,"illagerinvasion:inquisitor":3,"minecraft:pig":7,"graveyard:ghoul":1,"naturalist:bear":1,"minecraft:sheep":9,"minecraft:pillager":18,"minecraft:zombie":12,"naturalist:lizard":1,"minecraft:cow":7},"minecraft:picked_up":{"minecraft:coarse_dirt":5,"minecraft:crafting_table":3,"illagerinvasion:platinum_chunk":1,"minecraft:ladder":2,"minecraft:brown_mushroom":2,"rogues:iron_glaive":1,"minecraft:cornflower":3,"minecraft:red_bed":8,"graveyard:corruption":1,"illagerinvasion:platinum_infused_hatchet":1,"minecraft:gold_nugget":4,"minecraft:spruce_planks":31,"minecraft:beef":16,"minecraft:poppy":1,"minecraft:iron_nugget":4,"minecraft:birch_sapling":3,"minecraft:egg":2,"minecraft:furnace":5,"minecraft:stick":52,"minecraft:raw_iron":46,"minecraft:torch":1,"minecraft:acacia_log":5,"minecraft:spruce_fence":3,"minecraft:porkchop":23,"minecraft:purple_terracotta":1,"minecraft:arrow":13,"minecraft:rotten_flesh":11,"minecraft:decorated_pot":1,"minecraft:saddle":1,"minecraft:oxeye_daisy":1,"minecraft:mutton":12,"minecraft:white_wool":8,"minecraft:cobblestone":67,"rogues:ruby_glaive":1,"minecraft:birch_log":12,"minecraft:leather":14,"minecraft:filled_map":1,"minecraft:oak_log":55,"minecraft:dirt":62,"minecraft:lantern":1,"minecraft:purple_carpet":1,"minecraft:bone":7,"minecraft:stone_bricks":1,"minecraft:bow":1,"minecraft:orange_tulip":1,"minecraft:wheat_seeds":12,"minecraft:iron_ingot":7,"minecraft:mossy_stone_bricks":1,"minecraft:oak_planks":7,"duckling:duck_egg":1,"minecraft:book":54,"minecraft:oak_slab":2,"minecraft:smooth_basalt":3,"minecraft:sweet_berries":2,"paladins:prior_robe_chest":1,"minecraft:dandelion":7,"minecraft:gravel":5,"minecraft:spruce_sapling":6,"minecraft:spruce_log":61,"minecraft:oak_wood":1,"minecraft:stone_axe":1,"minecraft:golden_apple":3,"minecraft:emerald":11,"minecraft:baked_potato":16,"minecraft:oak_sapling":27,"minecraft:coal":49},"minecraft:custom":{"minecraft:mob_kills":86,"minecraft:interact_with_crafting_table":28,"minecraft:open_barrel":11,"minecraft:leave_game":4,"minecraft:time_since_death":2041,"minecraft:climb_one_cm":4657,"minecraft:sprint_one_cm":395806,"minecraft:walk_one_cm":314912,"minecraft:damage_blocked_by_shield":4560,"minecraft:drop":97,"minecraft:talked_to_villager":1,"minecraft:play_time":162722,"minecraft:deaths":21,"minecraft:sneak_time":7413,"minecraft:walk_under_water_one_cm":4133,"minecraft:jump":3169,"minecraft:walk_on_water_one_cm":7823,"minecraft:total_world_time":162722,"minecraft:interact_with_furnace":53,"minecraft:sleep_in_bed":7,"minecraft:time_since_rest":2075,"minecraft:damage_taken":10129,"minecraft:damage_dealt":23523,"minecraft:swim_one_cm":3801,"minecraft:fly_one_cm":753621,"minecraft:player_kills":1,"minecraft:open_chest":82,"minecraft:crouch_one_cm":17137,"minecraft:fall_one_cm":93901,"minecraft:horse_one_cm":121921},"minecraft:broken":{"minecraft:stone_pickaxe":1,"minecraft:shield":1,"minecraft:stone_axe":1,"minecraft:iron_helmet":1},"minecraft:crafted":{"minecraft:oak_planks":84,"minecraft:stone_shovel":1,"minecraft:furnace":2,"minecraft:cooked_mutton":13,"rogues:iron_glaive":2,"minecraft:iron_boots":1,"minecraft:iron_axe":1,"archers:mechanic_shortbow":1,"minecraft:stone_pickaxe":1,"minecraft:chest":5,"bagofholding:leather_bag_of_holding":1,"minecraft:cooked_beef":16,"paladins:iron_kite_shield":1,"minecraft:cooked_porkchop":23,"minecraft:crafting_table":3,"minecraft:spruce_planks":208,"minecraft:baked_potato":14,"minecraft:wooden_pickaxe":1,"minecraft:iron_helmet":1,"minecraft:bucket":1,"minecraft:birch_planks":44,"minecraft:stone_axe":1,"minecraft:air":0,"minecraft:stick":20,"minecraft:iron_pickaxe":1,"minecraft:iron_ingot":25,"minecraft:stone_sword":1,"minecraft:iron_leggings":1,"minecraft:acacia_planks":20,"minecraft:torch":12},"minecraft:killed_by":{"minecraft:pillager":4,"minecraft:vindicator":9,"illagerinvasion:inquisitor":1,"minecraft:skeleton":2,"minecraft:zombie":2,"illagerinvasion:provoker":2},"minecraft:used":{"minecraft:stone_sword":56,"minecraft:stone_shovel":22,"betterend:flavolite":137,"minecraft:chest":4,"minecraft:spruce_planks":141,"minecraft:shield":48,"minecraft:cooked_salmon":1,"minecraft:torch":8,"minecraft:dirt":9,"minecraft:mutton":1,"minecraft:iron_axe":84,"paladins:iron_claymore":222,"minecraft:iron_boots":1,"betterend:endstone_dust":3,"archers:mechanic_shortbow":9,"rogues:iron_glaive":60,"minecraft:furnace":7,"duckling:duck_egg":1,"minecraft:cooked_beef":5,"bagofholding:leather_bag_of_holding":15,"minecraft:cooked_mutton":1,"minecraft:mossy_stone_bricks":1,"minecraft:water_bucket":13,"minecraft:birch_planks":20,"minecraft:stone_pickaxe":131,"minecraft:oak_planks":23,"minecraft:baked_potato":30,"minecraft:wooden_pickaxe":12,"paladins:diamond_claymore":1,"rogues:iron_sickle":22,"minecraft:crafting_table":7,"minecraft:red_bed":6,"rogues:diamond_dagger":13,"minecraft:crossbow":1,"paladins:iron_kite_shield":36,"minecraft:bread":26,"minecraft:iron_pickaxe":28,"minecraft:gravel":2,"minecraft:stone_axe":140,"minecraft:wooden_sword":54,"minecraft:cobblestone":35,"illagerinvasion:platinum_infused_hatchet":2,"minecraft:cooked_porkchop":17,"minecraft:bucket":14,"rogues:netherite_double_axe":1,"minecraft:birch_log":1,"minecraft:purple_carpet":1},"minecraft:dropped":{"farmersdelight:tomato_seeds":6,"minecraft:iron_ingot":1,"minecraft:bread":10,"minecraft:brown_mushroom":3,"minecraft:wheat_seeds":16,"jewelry:ruby_ring":1,"minecraft:oak_log":34,"minecraft:cooked_porkchop":6,"minecraft:decorated_pot":1,"minecraft:orange_tulip":1,"minecraft:feather":2,"minecraft:cobblestone":3,"minecraft:lantern":1,"minecraft:stick":3,"minecraft:oxeye_daisy":1,"rogues:iron_glaive":2,"minecraft:dirt":48,"minecraft:red_bed":2,"minecraft:torch":16,"minecraft:cornflower":3,"minecraft:mutton":1,"minecraft:wooden_axe":1,"rogues:ruby_glaive":1,"minecraft:gold_nugget":4,"minecraft:wooden_sword":1,"minecraft:dandelion":7,"minecraft:spruce_sapling":9,"minecraft:redstone":1,"minecraft:sweet_berries":8,"minecraft:cocoa_beans":2,"paladins:prior_robe_chest":1,"minecraft:birch_sapling":6,"farmersdelight:cabbage_seeds":1,"minecraft:rotten_flesh":13,"minecraft:cooked_mutton":9,"minecraft:pumpkin_seeds":3,"minecraft:poppy":1,"minecraft:beetroot_seeds":4,"minecraft:melon_seeds":1,"minecraft:ladder":2,"minecraft:oak_sapling":31,"minecraft:spruce_log":26,"minecraft:wooden_pickaxe":1,"minecraft:egg":3},"minecraft:mined":{"minecraft:spruce_planks":39,"minecraft:ladder":2,"minecraft:purple_terracotta":2,"minecraft:acacia_log":5,"minecraft:spruce_fence":3,"minecraft:grass_block":21,"minecraft:decorated_pot":1,"minecraft:furnace":5,"minecraft:iron_ore":38,"minecraft:bookshelf":23,"minecraft:deepslate_iron_ore":8,"minecraft:vine":1,"minecraft:purple_carpet":1,"minecraft:stone":62,"minecraft:podzol":1,"minecraft:oak_slab":2,"minecraft:brown_mushroom":1,"minecraft:red_bed":7,"minecraft:infested_stone_bricks":1,"minecraft:crafting_table":3,"minecraft:oak_wood":1,"minecraft:tall_grass":2,"minecraft:cobblestone":1,"minecraft:oak_planks":8,"minecraft:wall_torch":1,"minecraft:coarse_dirt":5,"minecraft:birch_log":16,"minecraft:spruce_log":70,"minecraft:grass":21,"minecraft:oak_log":56,"minecraft:coal_ore":49,"minecraft:gravel":4,"minecraft:dirt":13,"minecraft:smooth_basalt":3,"minecraft:stone_bricks":1,"minecraft:mossy_stone_bricks":1,"minecraft:fern":1}},"DataVersion":3465}