{"stats":{"minecraft:killed":{"minecraft:sheep":1,"minecraft:skeleton":3,"minecraft:zombie":3,"minecraft:pig":1},"minecraft:picked_up":{"minecraft:crafting_table":1,"minecraft:acacia_log":5,"minecraft:gravel":2,"minecraft:porkchop":3,"minecraft:oak_log":1,"minecraft:dirt":24,"minecraft:bone":2,"minecraft:arrow":2,"minecraft:rotten_flesh":3,"minecraft:bow":1,"minecraft:mutton":2,"minecraft:coal":6,"duckling:duck_egg":1,"minecraft:white_wool":1,"minecraft:cobblestone":42,"rogues:ruby_glaive":1},"minecraft:custom":{"minecraft:time_since_rest":22742,"minecraft:sprint_one_cm":63598,"minecraft:damage_taken":680,"minecraft:walk_one_cm":37590,"minecraft:damage_blocked_by_shield":180,"minecraft:mob_kills":8,"minecraft:drop":2,"minecraft:damage_dealt":1343,"minecraft:swim_one_cm":597,"minecraft:interact_with_crafting_table":5,"minecraft:fly_one_cm":239534,"minecraft:crouch_one_cm":2392,"minecraft:play_time":30723,"minecraft:deaths":2,"minecraft:sneak_time":821,"minecraft:walk_under_water_one_cm":70,"minecraft:jump":426,"minecraft:leave_game":3,"minecraft:walk_on_water_one_cm":316,"minecraft:time_since_death":22677,"minecraft:total_world_time":30723,"minecraft:fall_one_cm":15764},"minecraft:crafted":{"minecraft:crafting_table":1,"minecraft:stick":8,"minecraft:wooden_pickaxe":1,"minecraft:stone_pickaxe":1,"minecraft:acacia_planks":20},"minecraft:killed_by":{"minecraft:zombie":2},"minecraft:used":{"minecraft:stone_pickaxe":35,"minecraft:bread":4,"betterend:flavolite":137,"minecraft:wooden_pickaxe":12,"minecraft:shield":3,"paladins:diamond_claymore":1,"betterend:endstone_dust":3,"minecraft:wooden_sword":22,"minecraft:dirt":5,"minecraft:crafting_table":1,"rogues:diamond_dagger":13,"duckling:duck_egg":1,"rogues:netherite_double_axe":1},"minecraft:dropped":{"minecraft:mutton":1,"rogues:ruby_glaive":1},"minecraft:mined":{"minecraft:crafting_table":1,"minecraft:grass":3,"minecraft:acacia_log":5,"minecraft:coal_ore":6,"minecraft:grass_block":9,"minecraft:oak_log":1,"minecraft:dirt":5,"minecraft:stone":41}},"DataVersion":3465}