{"stats":{"minecraft:used":{"minecells:sewers_tentacle_spawn_egg":1,"minecraft:chest":60,"minecraft:stone":64,"ecologics:coconut_planks":587,"betternether:cincinnasite_sword":537,"betternether:nether_brick_tile_small":1,"paladins:holy_staff":346,"minecraft:spruce_boat":2,"minecraft:honey_block":1,"minecraft:lava_bucket":4,"minecells:hattoris_katana":2,"minecells:balanced_blade":57,"betternether:cincinnasite_bars":1,"minecraft:cooked_cod":2,"minecraft:furnace":15,"minecraft:acacia_fence":22,"minecraft:egg":2,"minecraft:mossy_stone_bricks":1,"minecraft:acacia_trapdoor":20,"minecraft:leather_chestplate":3,"minecraft:wooden_pickaxe":12,"minecells:disgusting_worm_spawn_egg":1,"minecraft:dark_oak_trapdoor":1,"minecraft:sand":516,"rogues:diamond_dagger":13,"minecraft:blast_furnace":30,"paladins:ruby_holy_staff":14,"minecraft:lectern":591,"graveyard:ghoul_spawn_egg":1,"minecraft:diamond_sword":30,"minecraft:wooden_sword":54,"minecraft:smithing_table":2,"minecraft:birch_log":1,"minecraft:stripped_acacia_wood":1,"minecraft:stone_sword":56,"minecraft:acacia_log":6,"minecraft:enchanting_table":7,"betterend:flavolite":137,"minecraft:cooked_salmon":7,"minecraft:netherrack":1161,"minecraft:torch":408,"minecraft:brewing_stand":3,"minecells:protector_spawn_egg":1,"betternether:cincinnasite_pillar":7,"archers:archers_workbench":1,"ecologics:coconut_slab":4,"minecraft:iron_axe":264,"minecells:blood_sword":5,"betterend:endstone_dust":3,"ecologics:coconut_boat":8,"duckling:duck_egg":4,"paladins:aeternium_claymore":40,"ecologics:coconut_seedling":57,"minecraft:cobbled_deepslate":15,"minecraft:acacia_planks":904,"minecraft:water_bucket":122,"minecraft:birch_planks":20,"minecraft:fletching_table":75,"minecells:scorpion_spawn_egg":1,"minecells:sweeper_spawn_egg":1,"minecells:runner_spawn_egg":1,"minecraft:crafting_table":16,"minecraft:red_bed":10,"supplementaries:bomb":1,"paladins:iron_mace":5,"minecraft:spruce_log":1,"minecells:grenadier_spawn_egg":1,"minecraft:diamond_pickaxe":1375,"minecraft:diamond_shovel":416,"runes:crafting_altar":2,"minecraft:iron_pickaxe":502,"minecells:kamikaze_spawn_egg":2,"minecraft:spruce_sapling":171,"betternether:cincinnasite_forge":3,"minecraft:cobblestone":261,"illagerinvasion:platinum_infused_hatchet":2,"archers:royal_longbow":24,"minecraft:cooked_porkchop":101,"rogues:netherite_double_axe":1,"minecraft:glass_pane":50,"archers:netherite_spear":1,"fwaystones:waystone":1,"betternether:stalagnate_ladder":1,"minecraft:iron_shovel":250,"minecells:shocker_spawn_egg":1,"minecells:cursed_sword":31,"minecraft:oak_sign":1,"minecraft:shield":48,"graveyard:reaper_spawn_egg":1,"minecraft:iron_chestplate":2,"minecraft:mutton":1,"minecells:buzzcutter_spawn_egg":1,"minecraft:jungle_planks":2,"betternether:flaming_ruby_sword":53,"minecraft:obsidian":63,"bagofholding:golden_bag_of_holding":13,"paladins:iron_claymore":223,"farmersdelight:cutting_board":1,"archers:mechanic_shortbow":134,"minecraft:hay_block":1,"rogues:iron_glaive":60,"bagofholding:leather_bag_of_holding":32,"endermanoverhaul:corrupted_shield":15,"minecraft:stone_pickaxe":131,"paladins:diamond_holy_staff":148,"minecraft:oak_planks":59,"minecraft:sandstone":11,"paladins:diamond_claymore":1,"wizards:wand_frost":5,"spell_engine:spell_binding":8,"minecraft:diamond_axe":5855,"archers:crystal_shortbow":94,"minecraft:white_wool":1,"rogues:iron_sickle":95,"minecraft:crossbow":2,"paladins:iron_kite_shield":36,"minecraft:shears":1,"betternether:pig_statue_respawner":1,"betternether:nether_brick_tile_large":14,"minecraft:bread":181,"betternether:spawn_egg_skull":1,"minecraft:gravel":13,"ecologics:coconut_slice":36,"minecraft:grindstone":3,"minecells:inquisitor_spawn_egg":1,"minecraft:coarse_dirt":10,"minecraft:bone_meal":57,"minecraft:experience_bottle":29,"minecells:rancid_rat_spawn_egg":1,"archers:crystal_longbow":33,"minecraft:flint_and_steel":1,"minecraft:stone_shovel":134,"bagofholding:iron_bag_of_holding":86,"minecraft:spruce_planks":151,"minecells:undead_archer_spawn_egg":1,"minecraft:dirt":103,"fwaystones:blackstone_brick_waystone":2,"minecraft:granite":38,"ecologics:coconut_door":1,"minecraft:iron_hoe":27,"minecraft:bookshelf":123,"minecraft:acacia_slab":314,"minecraft:iron_boots":1,"minecells:leaping_zombie_spawn_egg":1,"archers:ruby_heavy_crossbow":2,"minecraft:golden_carrot":1,"minecraft:stone_pressure_plate":1,"minecraft:cooked_beef":20,"minecraft:light_gray_bed":1,"minecells:shieldbearer_spawn_egg":1,"minecraft:cooked_mutton":1,"minecraft:acacia_boat":2,"minecraft:baked_potato":33,"minecells:mutated_bat_spawn_egg":4,"bosses_of_mass_destruction:soul_star":2,"minecraft:smoker":4,"betternether:nether_ruby_sword":16,"minecraft:stone_axe":147,"ecologics:coconut_log":82,"minecraft:bucket":119,"minecraft:purple_carpet":1},"minecraft:custom":{"minecraft:interact_with_crafting_table":109,"minecraft:open_barrel":107,"minecraft:leave_game":15,"minecraft:time_since_death":158411,"minecraft:damage_blocked_by_shield":5225,"minecraft:play_time":1334430,"minecraft:deaths":78,"minecraft:jump":15804,"minecraft:enchant_item":4,"minecraft:interact_with_furnace":174,"minecraft:traded_with_villager":992,"minecraft:sleep_in_bed":54,"minecraft:damage_dealt":77514,"minecraft:interact_with_smoker":8,"minecraft:inspect_dispenser":2,"minecraft:horse_one_cm":121921,"minecraft:interact_with_smithing_table":5,"minecraft:interact_with_anvil":19,"minecraft:sneak_time":57710,"minecraft:interact_with_lectern":1,"minecraft:interact_with_blast_furnace":87,"minecraft:total_world_time":1334430,"minecraft:time_since_rest":30713,"minecraft:swim_one_cm":33532,"minecraft:fly_one_cm":4221582,"minecraft:open_chest":1122,"minecraft:fall_one_cm":422665,"minecraft:animals_bred":1,"minecraft:damage_resisted":16816,"minecraft:sprint_one_cm":2276347,"minecraft:drop":521,"minecraft:talked_to_villager":919,"minecraft:interact_with_brewingstand":1,"minecraft:walk_on_water_one_cm":75995,"minecraft:player_kills":4,"minecraft:crouch_one_cm":137740,"minecraft:mob_kills":658,"minecraft:climb_one_cm":27884,"minecraft:walk_one_cm":2427292,"minecraft:walk_under_water_one_cm":51473,"minecraft:boat_one_cm":142805,"minecraft:interact_with_grindstone":1,"minecraft:damage_taken":89576,"minecraft:damage_absorbed":601},"minecraft:crafted":{"paladins:priest_robe_head":1,"rogues:warrior_armor_feet":1,"minecraft:chain":9,"paladins:priest_robe_chest":1,"minecraft:diamond_shovel":1,"minecraft:bookshelf":76,"minecraft:cooked_mutton":17,"fwaystones:abyss_watcher":1,"rogues:iron_glaive":2,"minecraft:glass":64,"minecraft:netherite_boots":4,"runes:frost_stone":66,"paladins:netherite_holy_staff":2,"minecraft:emerald":1074,"minecraft:cooked_porkchop":56,"minecraft:diamond_axe":3,"minecraft:copper_ingot":128,"minecraft:fletching_table":7,"ecologics:coconut_stairs":60,"minecraft:iron_pickaxe":2,"minecraft:iron_block":33,"minecraft:gold_ingot":395,"jewelry:citrine_necklace":1,"minecraft:netherite_ingot":2,"minecraft:stone_shovel":1,"minecraft:iron_nugget":18,"ecologics:coconut_planks":1172,"ecologics:coconut_door":3,"minecraft:bone_meal":222,"fwaystones:waystone":1,"minecraft:ladder":81,"minecraft:ender_pearl":7,"minecraft:stone_pickaxe":1,"minecraft:spruce_boat":1,"ecologics:coconut_boat":3,"minecraft:wheat":369,"paladins:iron_kite_shield":1,"wizards:wand_frost":1,"minecraft:acacia_trapdoor":8,"minecraft:red_bed":1,"minecraft:glowstone":24,"minecraft:enchanted_book":14,"minecraft:iron_shovel":1,"minecraft:iron_leggings":2,"spell_engine:spell_binding":1,"minecraft:oak_planks":248,"minecraft:stone":13,"bagofholding:golden_bag_of_holding":1,"runes:healing_stone":216,"minecraft:iron_boots":3,"archers:mechanic_shortbow":1,"minecraft:chest":19,"rogues:warrior_armor_legs":1,"minecraft:netherite_upgrade_smithing_template":6,"minecraft:smoker":2,"minecraft:arrow":176,"minecraft:crafting_table":9,"minecraft:spruce_planks":13616,"minecraft:iron_helmet":2,"minecraft:wooden_pickaxe":1,"minecraft:baked_potato":14,"minecraft:gold_block":52,"minecraft:birch_planks":44,"farmersdelight:cutting_board":1,"minecraft:iron_chestplate":1,"minecraft:diamond_pickaxe":2,"minecraft:charcoal":25,"minecraft:emerald_block":59,"minecraft:stick":30907,"ecologics:coconut_trapdoor":2,"minecraft:iron_ingot":237,"runes:crafting_altar":1,"minecraft:stone_sword":1,"minecraft:snow_block":43,"paladins:holy_staff":1,"minecraft:shears":2,"minecraft:redstone":20,"rogues:warrior_armor_chest":1,"minecraft:netherite_sword":2,"minecraft:furnace":14,"minecraft:raw_copper_block":17,"minecraft:glass_pane":64,"minecraft:flint_and_steel":1,"minecraft:iron_axe":1,"minecraft:iron_hoe":1,"paladins:priest_robe_legs":1,"ecologics:coconut_slab":6,"bagofholding:leather_bag_of_holding":1,"minecraft:netherite_scrap":6,"minecraft:cooked_beef":19,"minecraft:bucket":1,"paladins:diamond_holy_staff":1,"minecraft:stone_axe":1,"minecraft:air":0,"minecraft:bread":117,"minecraft:acacia_boat":2,"bagofholding:iron_bag_of_holding":1,"minecraft:white_wool":2,"minecraft:gold_nugget":207,"paladins:priest_robe_feet":1,"minecraft:acacia_planks":2600,"minecraft:torch":116},"minecraft:killed_by":{"minecraft:pillager":4,"minecraft:vindicator":9,"minecraft:zombie":2,"minecraft:husk":1,"bosses_of_mass_destruction:gauntlet":13,"illagerinvasion:inquisitor":1,"minecraft:ghast":1,"minecraft:zombified_piglin":2,"minecraft:wither_skeleton":12,"creeperoverhaul:ocean_creeper":1,"minecraft:piglin":4,"minecraft:player":2,"minecraft:enderman":1,"minecraft:hoglin":4,"minecraft:skeleton":5,"minecraft:phantom":1,"illagerinvasion:provoker":2},"minecraft:broken":{"archers:ranger_armor_feet":1,"minecraft:iron_boots":1,"minecraft:shield":1,"archers:ranger_armor_chest":1,"minecraft:iron_axe":1,"minecraft:iron_pickaxe":1,"minecraft:iron_helmet":2,"minecraft:iron_shovel":1,"archers:ranger_armor_legs":1,"minecraft:stone_pickaxe":1,"paladins:priest_robe_head":2,"archers:ranger_armor_head":1,"minecraft:stone_axe":1,"minecraft:stone_shovel":1,"paladins:prior_robe_head":1,"minecraft:diamond_axe":1,"paladins:holy_staff":1},"minecraft:killed":{"betternether:skull":2,"betternether:firefly":1,"minecells:sweeper":1,"naturalist:boar":14,"illagerinvasion:basher":1,"minecraft:skeleton":69,"bosses_of_mass_destruction:gauntlet":2,"minecraft:chicken":2,"ecologics:coconut_crab":4,"minecells:sewers_tentacle":1,"minecells:protector":1,"minecraft:tropical_fish":2,"minecraft:magma_cube":3,"minecraft:pillager":47,"minecraft:goat":3,"minecraft:zombie":49,"minecells:shieldbearer":1,"minecells:inquisitor":1,"minecraft:cow":8,"minecells:mutated_bat":4,"minecraft:vindicator":10,"illagerinvasion:marauder":2,"creeperoverhaul:snowy_creeper":2,"minecraft:horse":3,"naturalist:giraffe":2,"minecraft:husk":7,"graveyard:ghoul":2,"naturalist:bear":1,"minecells:rancid_rat":1,"naturalist:lizard":1,"creeperoverhaul:savannah_creeper":3,"minecells:buzzcutter":1,"minecraft:enderman":1,"naturalist:zebra":1,"minecraft:zombified_piglin":3,"minecraft:witch":1,"graveyard:skeleton_creeper":3,"minecraft:spider":15,"illagerinvasion:provoker":4,"minecraft:silverfish":4,"minecells:leaping_zombie":1,"minecraft:piglin_brute":2,"illagerinvasion:inquisitor":3,"betternether:hydrogen_jellyfish":4,"minecraft:piglin":19,"minecraft:pig":8,"minecraft:zombie_villager":3,"minecells:scorpion":1,"minecraft:sheep":9,"naturalist:hippo":1,"minecraft:stray":4,"minecraft:ghast":2,"minecraft:blaze":5,"minecraft:slime":15,"minecraft:phantom":1,"bosses_of_mass_destruction:lich":1,"minecraft:drowned":2,"minecells:runner":1,"duckling:duck":5,"minecraft:hoglin":44,"minecraft:wither_skeleton":231,"minecraft:player":2,"minecraft:villager":2},"minecraft:mined":{"minecraft:dark_oak_planks":4,"betternether:nether_sakura_leaves":1,"betternether:cincinnasite_pedestal":1,"minecraft:granite":52,"minecraft:acacia_log":196,"minecraft:light_gray_bed":2,"minecraft:coal_block":2,"minecraft:oak_wall_sign":1,"minecraft:nether_wart":5,"minecraft:spawner":11,"minecraft:polished_blackstone_bricks":16,"minecraft:barrel":2,"minecraft:fire":15,"minecraft:deepslate_lapis_ore":16,"supplementaries:globe":2,"minecraft:fletching_table":72,"minecraft:enchanting_table":8,"minecraft:dirt_path":63,"minecraft:oak_stairs":1,"minecraft:smooth_sandstone_stairs":2,"minecraft:spruce_wood":33,"minecraft:stripped_mangrove_wood":3,"minecraft:brown_mushroom":1,"minecraft:red_bed":12,"minecraft:kelp_plant":1,"betternether:sepia_bone_grass":1,"minecraft:smoker":2,"minecraft:powder_snow":4,"minecraft:torch":18,"minecraft:blast_furnace":36,"minecraft:glass":22,"ecologics:seashell":3,"betternether:soul_grass":1,"minecraft:grass":118,"minecraft:smooth_basalt":3,"minecraft:deepslate":159,"villagersplus:oceanographer_table":1,"minecraft:dark_prismarine":2,"betternether:cincinnasite_forge":3,"minecraft:mossy_cobblestone":1,"betternether:stalagnate_ladder":7,"minecraft:cobbled_deepslate_slab":2,"minecraft:spruce_fence":3,"minecraft:stripped_jungle_wood":1,"betternether:cincinnasite_bars":5,"minecraft:kelp":3,"minecraft:horn_coral":1,"minecraft:redstone_ore":9,"minecraft:acacia_trapdoor":12,"betternether:cincinnasite_wall":2,"runes:crafting_altar":1,"minecraft:snow":106,"minecraft:acacia_wood":205,"minecraft:andesite":12,"betternether:quartz_glass_framed_pane":8,"minecraft:vine":1,"betternether:nether_brick_tile_large":14,"bosses_of_mass_destruction:gauntlet_blackstone":2,"minecraft:fire_coral_block":3,"minecraft:white_wool":1,"minecraft:smithing_table":2,"minecraft:oak_slab":3,"minecraft:birch_stairs":5,"minecraft:glass_pane":4,"betternether:cincinnasite_stairs":2,"minecraft:dandelion":1,"minecraft:fire_coral":1,"betternether:bone_wall":1,"minecraft:copper_ore":66,"minecraft:tall_grass":12,"minecraft:deepslate_gold_ore":20,"betternether:bone_slab":6,"minecraft:coarse_dirt":19,"jewelry:deepslate_gem_vein":3,"minecraft:stripped_spruce_wood":2,"minecraft:spruce_log":3406,"betternether:bone_tile":9,"minecraft:gravel":383,"minecraft:acacia_door":2,"minecraft:acacia_planks":404,"minecraft:stone_bricks":1,"minecraft:gold_ore":26,"minecraft:fern":1,"minecraft:spruce_planks":53,"minecraft:brewing_stand":3,"minecraft:grass_block":43,"minecraft:cracked_polished_blackstone_bricks":2,"betternether:nether_brick_wall":2,"minecraft:mud_bricks":2,"minecraft:composter":2,"minecraft:iron_ore":226,"betternether:nether_reed_roof":25,"minecraft:purple_carpet":1,"archers:archers_workbench":1,"minecraft:deepslate_redstone_ore":6,"minecraft:cyan_terracotta":1,"minecraft:blackstone":5,"minecraft:calcite":1,"minecraft:chest":31,"betternether:cincinnasite_forged":2,"minecraft:cobblestone":23,"minecraft:grindstone":2,"minecraft:oak_planks":28,"minecraft:wall_torch":18,"minecraft:deepslate_copper_ore":16,"minecraft:seagrass":2,"minecraft:birch_log":16,"minecraft:tnt":1,"minecraft:oak_log":113,"minecraft:acacia_fence":32,"minecraft:sand":180,"philipsruins:dark_brick":8,"minecraft:dirt":31,"villagersplus:alchemist_table":1,"minecraft:netherrack":329,"minecraft:ancient_debris":7,"minecraft:horn_coral_block":3,"betternether:willow_door":1,"minecraft:nether_gold_ore":4,"minecraft:tuff":1,"betternether:stalagnate_chest":2,"ecologics:coconut_planks":65,"minecraft:deepslate_diamond_ore":40,"minecraft:blackstone_wall":1,"betternether:nether_brick_tile_small":4,"minecraft:ladder":4,"minecraft:purple_terracotta":2,"minecraft:decorated_pot":1,"ecologics:coconut_log":394,"minecraft:spruce_leaves":40,"minecraft:acacia_slab":1,"minecraft:sandstone":48,"minecraft:hay_block":42,"minecraft:spruce_sapling":1,"minecraft:furnace":8,"minecraft:acacia_stairs":92,"minecraft:gold_block":4,"minecraft:nether_brick_fence":2,"minecraft:bookshelf":75,"minecraft:shroomlight":1,"minecraft:deepslate_iron_ore":56,"minecraft:stone":380,"minecraft:podzol":1,"minecraft:acacia_leaves":1,"minecraft:red_wool":3,"betternether:cincinnasite_lantern":1,"minecraft:infested_stone_bricks":1,"minecraft:basalt":13,"supplementaries:ashen_basalt":1,"minecraft:crafting_table":7,"minecraft:honey_block":6,"minecraft:oak_wood":16,"minecraft:lectern":588,"minecraft:deepslate_coal_ore":36,"minecraft:lapis_ore":16,"supplementaries:urn":2,"minecraft:birch_planks":4,"minecraft:sea_pickle":1,"spell_engine:spell_binding":5,"minecraft:redstone_torch":1,"betternether:cincinnasite_lantern_small":1,"minecraft:coal_ore":202,"minecraft:stripped_acacia_wood":249,"minecraft:mossy_stone_bricks":1,"betternether:cincinnasite_pillar":17},"minecraft:dropped":{"minecraft:acacia_wood":2,"minecraft:porkchop":3,"minecraft:stripped_mangrove_wood":3,"jewelry:ruby_ring":1,"minecraft:diamond":1,"minecraft:cooked_porkchop":20,"minecraft:crossbow":2,"minecraft:orange_tulip":1,"minecraft:weeping_vines":6,"minecells:tentacle":1,"minecraft:fletching_table":1,"minecraft:brown_banner":7,"minecraft:cut_sandstone_slab":1,"minecraft:item_frame":4,"minecraft:emerald":60,"rogues:iron_glaive":3,"minecraft:dirt":60,"minecraft:red_bed":3,"minecraft:netherite_boots":1,"minecraft:horn_coral":1,"minecraft:wooden_sword":2,"minecraft:gold_nugget":4,"minecraft:sand":9,"minecraft:sugar":1,"minecraft:iron_pickaxe":3,"philipsruins:dark_brick":7,"minecraft:dark_oak_planks":3,"minecraft:birch_stairs":4,"minecraft:bone":89,"minecraft:tropical_fish_bucket":1,"paladins:priest_robe_head":1,"minecraft:golden_chestplate":7,"minecraft:nether_brick":3,"minecraft:birch_sapling":6,"betternether:nether_brick_wall":3,"betternether:nether_reed_roof":14,"rogues:warrior_armor_feet":1,"minecraft:rotten_flesh":21,"minecraft:oak_planks":2,"wizards:wand_fire":1,"minecraft:nether_brick_fence":2,"minecraft:dead_fire_coral_block":3,"bosses_of_mass_destruction:soul_star":3,"betternether:cincinnasite_slab":4,"minecraft:tipped_arrow":1,"minecells:balanced_blade":1,"minecraft:charcoal":26,"minecraft:honey_block":5,"minecraft:leather_boots":4,"minecraft:acacia_sapling":9,"minecraft:ladder":83,"minecraft:leather_leggings":5,"jewelry:gold_ring":1,"wizards:fire_spell_book":3,"archers:netherite_spear":2,"minecraft:acacia_fence":9,"betternether:willow_door":1,"minecraft:egg":3,"farmersdelight:tomato_seeds":6,"minecraft:enchanted_book":1,"minecraft:golden_boots":1,"minecraft:iron_ingot":2,"minecraft:wheat_seeds":29,"betternether:cincinnasite_wall":1,"minecraft:cobblestone":6,"minecraft:feather":4,"minecraft:book":51,"minecells:greed_shield":3,"paladins:ruby_holy_staff":1,"minecraft:spruce_button":1,"minecraft:music_disc_pigstep":1,"betternether:flaming_ruby_sword":1,"minecraft:lava_bucket":3,"minecraft:oxeye_daisy":1,"minecraft:wooden_axe":1,"paladins:priest_robe_legs":2,"villagersplus:oceanographer_table":1,"minecraft:string":4,"rogues:warrior_armor_legs":1,"minecraft:acacia_planks":56,"minecraft:spruce_sapling":91,"betternether:quartz_glass_framed_pane":5,"ecologics:coconut_planks":17,"minecraft:stone_sword":3,"minecraft:cocoa_beans":2,"paladins:prior_robe_chest":2,"minecraft:chicken":1,"minecraft:iron_boots":3,"minecraft:oak_sign":1,"minecraft:shears":1,"minecraft:pumpkin_seeds":6,"paladins:holy_staff":1,"minecraft:diamond_sword":1,"minecraft:stone":2,"minecraft:sea_pickle":4,"betternether:nether_brick_tile_stairs":27,"runes:healing_stone":315,"minecraft:spruce_planks":6,"minecraft:diamond_pickaxe":4,"betternether:bone_wall":2,"rogues:warrior_armor_chest":1,"minecraft:sandstone":9,"minecraft:bow":2,"ecologics:seashell":4,"minecraft:dark_prismarine":1,"minecraft:soul_sand":1,"minecraft:brown_mushroom":3,"minecraft:birch_planks":3,"minecraft:diamond_axe":2,"minecraft:oak_log":34,"ecologics:coconut_slice":14,"minecraft:decorated_pot":2,"rogues:warrior_armor_head":1,"minecraft:lantern":1,"minecraft:iron_horse_armor":1,"minecraft:cyan_terracotta":1,"minecraft:cracked_polished_blackstone_bricks":4,"betternether:cincinnasite_plate":1,"betternether:blue_crying_obsidian":3,"minecraft:cornflower":3,"minecraft:mutton":1,"betternether:cincinnasite_stairs":1,"minecraft:polished_blackstone_bricks":17,"minecraft:tube_coral":1,"minecraft:gold_ingot":16,"minecraft:gravel":102,"duckling:raw_duck":2,"minecraft:blackstone":13,"betternether:nether_reed_door":1,"minecells:cursed_sword":2,"minecraft:smooth_sandstone_stairs":1,"ecologics:coconut_log":2,"jewelry:netherite_tanzanite_necklace":1,"minecraft:cooked_mutton":9,"minecraft:acacia_stairs":92,"minecraft:poppy":1,"rogues:stone_double_axe":1,"minecraft:acacia_slab":2,"minecells:ice_shield":1,"minecraft:beetroot_seeds":4,"minecraft:melon_seeds":1,"minecraft:glowstone":12,"ecologics:coconut_husk":11,"minecraft:chest":1,"paladins:priest_robe_feet":2,"minecraft:basalt":14,"betternether:nether_reed_roof_stairs":9,"minecraft:arrow":5,"minecraft:written_book":1,"minecraft:netherrack":5,"minecraft:enchanting_table":1,"minecraft:bread":42,"minecraft:mossy_cobblestone":3,"minecraft:diamond_leggings":1,"ecologics:coconut_seedling":3,"ecologics:crab_claw":2,"minecraft:tropical_fish":2,"minecraft:stick":43,"fwaystones:void_totem":1,"paladins:netherite_holy_staff":1,"minecraft:torch":16,"minecells:hattoris_katana":1,"rogues:ruby_glaive":1,"rogues:warrior_spell_book":1,"archers:mechanic_shortbow":1,"minecraft:iron_leggings":3,"minecells:bloodthirsty_shield":3,"duckling:duck_egg":1,"minecraft:bucket":1,"betternether:nether_reed_stairs":3,"minecraft:dandelion":7,"minecraft:redstone":1,"minecraft:bubble_coral":1,"minecraft:kelp":7,"minecraft:sweet_berries":8,"minecraft:raw_copper":1,"minecraft:tuff":1,"farmersdelight:cabbage_seeds":1,"supplementaries:globe":1,"minecraft:stripped_acacia_wood":4,"minecraft:filled_map":1,"betternether:cincinnasite_sword":3,"minecraft:mud_bricks":2,"minecraft:iron_chestplate":7,"paladins:iron_claymore":3,"minecraft:fire_coral":1,"minecraft:oak_sapling":31,"paladins:acolyte_wand":1,"minecraft:golden_sword":1,"minecraft:birch_sign":1,"minecells:rampart":1,"minecraft:spruce_log":42,"minecraft:wooden_pickaxe":1,"minecraft:calcite":1,"betternether:cincinnasite_pillar":9},"minecraft:picked_up":{"minecraft:iron_chestplate":1,"minecraft:smithing_table":2,"minecraft:diamond_sword":1,"minecraft:oak_stairs":1,"minecraft:wither_rose":2,"minecraft:enchanted_book":1,"minecells:buzzcutter_fang":1,"minecraft:brewing_stand":3,"minecells:cursed_sword":2,"minecraft:golden_sword":1,"betternether:nether_brick_tile_large":14,"minecraft:string":27,"minecraft:shroomlight":1,"illagerinvasion:platinum_infused_hatchet":1,"minecraft:diamond_leggings":1,"minecraft:gold_nugget":26,"minecraft:cobbled_deepslate":227,"bosses_of_mass_destruction:soul_star":8,"minecraft:spruce_planks":73,"minecraft:bubble_coral":1,"minecraft:coal_block":2,"betternether:quartz_glass_framed_pane":5,"ecologics:crab_claw":5,"minecells:guts":2,"minecraft:composter":2,"minecraft:acacia_log":196,"betternether:bone_wall":2,"minecells:balanced_blade":1,"wizards:fire_spell_book":2,"minecraft:golden_chestplate":5,"minecraft:stone_sword":4,"minecraft:light_gray_bed":1,"minecraft:tropical_fish":2,"minecraft:blackstone_wall":3,"minecraft:cyan_terracotta":2,"supplementaries:ash":5,"minecraft:blaze_rod":4,"villagersplus:alchemist_table":1,"minecraft:snowball":214,"minecraft:birch_log":12,"minecraft:feather":2,"ecologics:coconut_planks":94,"minecraft:smoker":2,"archers:netherite_spear":1,"minecraft:flint":36,"minecraft:stripped_spruce_wood":2,"jewelry:netherite_tanzanite_necklace":1,"minecraft:lantern":1,"minecraft:purple_carpet":1,"jewelry:sapphire":1,"minecraft:glowstone_dust":1,"duckling:duck_egg":7,"paladins:prior_robe_chest":2,"minecraft:stripped_acacia_wood":242,"ecologics:coconut_husk":7,"minecraft:acacia_stairs":92,"paladins:ruby_holy_staff":1,"minecraft:barrel":2,"minecraft:netherite_block":1,"betternether:cincinnasite_lantern":1,"minecraft:granite":56,"minecraft:spruce_button":2,"minecraft:jack_o_lantern":3,"minecraft:diamond_pickaxe":2,"minecraft:crafting_table":8,"minecraft:coarse_dirt":19,"wizards:wand_fire":1,"betternether:nether_reed_roof_stairs":6,"minecraft:nether_wart":12,"ecologics:seashell":4,"betternether:bone_slab":6,"minecraft:leather_leggings":6,"runes:crafting_altar":1,"jewelry:citrine":1,"paladins:netherite_holy_staff":1,"paladins:holy_staff":1,"betternether:flaming_ruby_sword":1,"minecraft:dead_horn_coral_block":3,"minecraft:fire_coral":1,"minecraft:cornflower":3,"minecraft:red_bed":12,"minecraft:acacia_door":2,"minecells:sewer_calamari":1,"minecraft:netherite_sword":3,"minecraft:beef":18,"minecraft:iron_nugget":5,"minecraft:poppy":1,"minecraft:chest":33,"minecraft:birch_sapling":3,"minecraft:egg":4,"minecells:bloodthirsty_shield":3,"minecraft:sandstone":48,"minecells:arcane_goo":1,"minecraft:spruce_fence":3,"minecraft:redstone":68,"minecraft:tnt":1,"runes:healing_stone":251,"betternether:cincinnasite_stairs":2,"minecraft:decorated_pot":1,"minecraft:hay_block":42,"spell_engine:spell_binding":6,"minecraft:gold_ingot":10,"wizards:staff_wizard":1,"minecraft:mutton":12,"minecraft:white_wool":43,"minecraft:oxeye_daisy":1,"minecraft:mud_bricks":2,"minecraft:acacia_wood":200,"minecraft:filled_map":1,"philipsruins:dark_brick":7,"minecraft:oak_log":110,"minecraft:ancient_debris":7,"minecraft:stone_bricks":1,"minecraft:kelp":7,"minecells:rampart":1,"minecraft:smooth_basalt":3,"minecraft:sweet_berries":2,"minecells:monster_cell":9,"minecraft:red_wool":3,"minecraft:gravel":584,"minecraft:dead_fire_coral_block":3,"minecraft:birch_stairs":4,"minecraft:spruce_sapling":446,"minecraft:spruce_log":3448,"betternether:cincinnasite_forged":2,"villagersplus:oceanographer_table":1,"minecraft:leather_helmet":1,"minecraft:oak_wood":17,"minecraft:slime_ball":21,"minecraft:stone_axe":1,"minecraft:diamond_axe":1,"minecraft:birch_sign":2,"minecells:greed_shield":3,"minecraft:baked_potato":16,"minecraft:brown_banner":7,"minecraft:ender_pearl":2,"illagerinvasion:platinum_chunk":1,"minecraft:nether_brick_fence":2,"rogues:iron_glaive":1,"minecraft:nether_brick":3,"minecraft:raw_copper":289,"betternether:cincinnasite_wall":2,"minecraft:iron_leggings":3,"minecraft:experience_bottle":14,"minecraft:oak_sign":1,"minecraft:sea_pickle":4,"minecells:tentacle":1,"betternether:nether_brick_tile_small":4,"minecraft:redstone_torch":1,"minecraft:calcite":1,"minecraft:iron_pickaxe":1,"minecells:molten_chunk":1,"minecraft:iron_boots":1,"minecraft:furnace":9,"minecraft:tipped_arrow":2,"minecraft:stick":318,"minecraft:acacia_fence":31,"betternether:nether_reed_door":1,"minecraft:torch":71,"ecologics:coconut_seedling":68,"minecraft:snow_block":43,"minecraft:porkchop":135,"minecraft:rotten_flesh":42,"betternether:cincinnasite_lantern_small":1,"ecologics:coconut_log":385,"minecells:hattoris_katana":1,"betternether:cincinnasite_bars":3,"minecraft:cobblestone":432,"minecraft:enchanting_table":8,"minecraft:leather_chestplate":2,"paladins:priest_robe_legs":1,"jewelry:gold_ring":1,"minecraft:andesite":12,"minecraft:tuff":1,"minecraft:smooth_sandstone_stairs":2,"minecraft:wither_skeleton_skull":6,"minecraft:horn_coral":1,"minecraft:acacia_boat":1,"minecraft:lapis_lazuli":209,"minecraft:dirt":184,"minecraft:cut_sandstone_slab":1,"minecraft:leather_boots":4,"minecraft:bone":235,"minecraft:acacia_planks":395,"minecraft:bow":4,"minecraft:wheat_seeds":36,"minecraft:orange_tulip":1,"minecraft:raw_gold":46,"minecraft:cobbled_deepslate_slab":2,"minecraft:bell":1,"paladins:acolyte_wand":1,"minecraft:grindstone":2,"minecraft:mossy_stone_bricks":1,"minecraft:fletching_table":72,"minecraft:oak_planks":76,"minecraft:cooked_porkchop":50,"minecraft:sand":179,"minecells:metal_shards":2,"minecraft:mossy_cobblestone":1,"minecraft:dark_prismarine":3,"minecraft:sugar":1,"minecraft:diamond":42,"minecraft:spruce_boat":1,"betternether:cincinnasite_pillar":16,"minecraft:cracked_polished_blackstone_bricks":6,"minecraft:crossbow":2,"minecraft:golden_apple":3,"minecraft:emerald":75,"minecraft:oak_sapling":27,"minecraft:netherrack":357,"betternether:nether_brick_tile_stairs":18,"minecraft:charcoal":5,"minecraft:chicken":2,"minecraft:ladder":4,"betternether:blue_crying_obsidian":3,"minecraft:brown_mushroom":2,"minecraft:gold_block":4,"betternether:nether_reed_stairs":2,"minecells:ice_shield":1,"ecologics:coconut_boat":5,"minecraft:shield":1,"minecraft:wooden_sword":1,"minecraft:item_frame":4,"minecraft:blackstone":15,"graveyard:corruption":1,"jewelry:citrine_ring":1,"minecraft:oak_boat":1,"minecraft:player_head":3,"minecraft:lectern":588,"minecraft:phantom_membrane":2,"duckling:raw_duck":2,"betternether:willow_door":1,"minecraft:raw_iron":281,"betternether:nether_brick_wall":2,"minecraft:stripped_mangrove_wood":3,"ecologics:coconut_slice":50,"betternether:cincinnasite_sword":3,"minecells:monsters_eye":2,"minecraft:polished_blackstone_bricks":52,"archers:archers_workbench":1,"minecraft:stone_pressure_plate":1,"minecraft:purple_terracotta":1,"minecraft:dark_oak_planks":4,"minecraft:tube_coral":1,"minecraft:arrow":75,"minecraft:weeping_vines":6,"minecraft:saddle":1,"rogues:ruby_glaive":1,"minecraft:netherite_boots":7,"minecraft:basalt":26,"minecraft:leather":48,"minecraft:birch_planks":4,"betternether:cincinnasite_slab":2,"paladins:paladin_armor_chest":1,"minecraft:acacia_trapdoor":12,"minecraft:spruce_wood":33,"minecraft:iron_ingot":9,"minecraft:acacia_sapling":10,"minecraft:soul_sand":1,"minecraft:book":211,"minecraft:tropical_fish_bucket":1,"minecraft:oak_slab":6,"jewelry:topaz":1,"paladins:iron_claymore":3,"betternether:stalagnate_ladder":4,"minecraft:dandelion":7,"minecraft:lava_bucket":2,"minecraft:blast_furnace":36,"minecraft:spider_eye":5,"betternether:cincinnasite_forge":3,"minecraft:honey_block":6,"minecraft:stripped_jungle_wood":2,"minecraft:coal":336,"betternether:nether_reed_roof":17}},"DataVersion":3465}