{"stats":{"minecraft:used":{"minecraft:wooden_sword":14,"minecraft:dirt":1,"minecraft:shield":3},"minecraft:custom":{"minecraft:time_since_rest":893,"minecraft:deaths":1,"minecraft:crouch_one_cm":202,"minecraft:play_time":7840,"minecraft:sprint_one_cm":6302,"minecraft:damage_taken":362,"minecraft:walk_one_cm":9139,"minecraft:sneak_time":107,"minecraft:damage_blocked_by_shield":180,"minecraft:mob_kills":2,"minecraft:jump":86,"minecraft:damage_dealt":433,"minecraft:leave_game":2,"minecraft:time_since_death":863,"minecraft:total_world_time":7840,"minecraft:fall_one_cm":3625,"minecraft:fly_one_cm":56133},"minecraft:mined":{"minecraft:grass_block":1,"minecraft:oak_log":1},"minecraft:picked_up":{"minecraft:rotten_flesh":1,"minecraft:oak_log":1,"minecraft:dirt":1},"minecraft:killed":{"minecraft:skeleton":1,"minecraft:zombie":1},"minecraft:killed_by":{"minecraft:zombie":1}},"DataVersion":3465}