{"stats":{"minecraft:killed":{"minecraft:pig":7,"naturalist:bear":1,"minecraft:vindicator":2,"minecraft:spider":1,"naturalist:boar":4,"minecraft:sheep":4,"minecraft:skeleton":5,"minecraft:pillager":9,"minecraft:zombie":10,"naturalist:lizard":1,"minecraft:cow":2},"minecraft:picked_up":{"minecraft:birch_log":12,"minecraft:crafting_table":3,"minecraft:brown_mushroom":2,"minecraft:leather":6,"rogues:iron_glaive":1,"minecraft:oak_log":55,"minecraft:dirt":55,"minecraft:red_bed":2,"minecraft:bone":5,"minecraft:bow":1,"minecraft:spruce_planks":17,"minecraft:beef":5,"minecraft:birch_sapling":3,"duckling:duck_egg":1,"minecraft:egg":2,"minecraft:furnace":2,"minecraft:stick":28,"minecraft:raw_iron":14,"minecraft:spruce_fence":2,"minecraft:acacia_log":5,"minecraft:gravel":2,"minecraft:porkchop":23,"minecraft:spruce_sapling":6,"minecraft:spruce_log":50,"minecraft:arrow":6,"minecraft:rotten_flesh":10,"minecraft:emerald":2,"minecraft:oak_sapling":27,"minecraft:mutton":4,"minecraft:coal":20,"minecraft:white_wool":3,"minecraft:cobblestone":57,"rogues:ruby_glaive":1},"minecraft:custom":{"minecraft:interact_with_furnace":35,"minecraft:mob_kills":46,"minecraft:interact_with_crafting_table":20,"minecraft:open_barrel":1,"minecraft:leave_game":3,"minecraft:time_since_death":160,"minecraft:sleep_in_bed":3,"minecraft:time_since_rest":191,"minecraft:sprint_one_cm":232148,"minecraft:damage_taken":5590,"minecraft:walk_one_cm":176276,"minecraft:damage_blocked_by_shield":3435,"minecraft:drop":27,"minecraft:damage_dealt":12636,"minecraft:talked_to_villager":1,"minecraft:swim_one_cm":597,"minecraft:fly_one_cm":450443,"minecraft:open_chest":35,"minecraft:crouch_one_cm":10452,"minecraft:play_time":90723,"minecraft:deaths":12,"minecraft:sneak_time":3948,"minecraft:walk_under_water_one_cm":3741,"minecraft:jump":1636,"minecraft:walk_on_water_one_cm":2497,"minecraft:total_world_time":90723,"minecraft:fall_one_cm":46700},"minecraft:broken":{"minecraft:stone_axe":1},"minecraft:crafted":{"minecraft:cooked_beef":5,"minecraft:oak_planks":4,"paladins:iron_kite_shield":1,"minecraft:stone_shovel":1,"minecraft:cooked_porkchop":23,"minecraft:crafting_table":1,"minecraft:spruce_planks":208,"minecraft:wooden_pickaxe":1,"minecraft:iron_helmet":1,"minecraft:furnace":2,"minecraft:bucket":1,"minecraft:birch_planks":44,"minecraft:stone_axe":1,"minecraft:cooked_mutton":1,"minecraft:air":0,"rogues:iron_glaive":2,"minecraft:iron_boots":1,"minecraft:iron_axe":1,"minecraft:stick":16,"minecraft:iron_ingot":14,"minecraft:stone_pickaxe":1,"minecraft:stone_sword":1,"minecraft:iron_leggings":1,"minecraft:acacia_planks":20,"minecraft:torch":12},"minecraft:killed_by":{"minecraft:vindicator":8,"minecraft:zombie":2,"minecraft:pillager":2},"minecraft:used":{"minecraft:stone_sword":56,"minecraft:birch_planks":20,"minecraft:stone_shovel":9,"minecraft:stone_pickaxe":77,"betterend:flavolite":137,"minecraft:spruce_planks":56,"minecraft:shield":31,"minecraft:wooden_pickaxe":12,"paladins:diamond_claymore":1,"minecraft:torch":7,"minecraft:dirt":9,"minecraft:mutton":1,"minecraft:crafting_table":4,"minecraft:red_bed":2,"rogues:diamond_dagger":13,"paladins:iron_kite_shield":36,"minecraft:iron_axe":34,"minecraft:bread":10,"paladins:iron_claymore":59,"minecraft:iron_boots":1,"betterend:endstone_dust":3,"minecraft:gravel":2,"minecraft:stone_axe":140,"minecraft:wooden_sword":54,"minecraft:cobblestone":31,"rogues:iron_glaive":60,"duckling:duck_egg":1,"minecraft:furnace":4,"minecraft:cooked_porkchop":17,"rogues:netherite_double_axe":1,"minecraft:birch_log":1,"minecraft:cooked_beef":5},"minecraft:dropped":{"minecraft:iron_ingot":1,"minecraft:bread":10,"minecraft:brown_mushroom":2,"minecraft:oak_log":27,"minecraft:cooked_porkchop":6,"minecraft:birch_sapling":3,"minecraft:cobblestone":1,"minecraft:rotten_flesh":6,"minecraft:stick":1,"rogues:iron_glaive":2,"minecraft:dirt":42,"minecraft:mutton":1,"rogues:ruby_glaive":1,"minecraft:wooden_sword":1,"minecraft:egg":1},"minecraft:mined":{"minecraft:podzol":1,"minecraft:spruce_planks":21,"minecraft:brown_mushroom":1,"minecraft:red_bed":2,"minecraft:crafting_table":3,"minecraft:acacia_log":5,"minecraft:spruce_fence":2,"minecraft:grass_block":14,"minecraft:furnace":2,"minecraft:birch_log":16,"minecraft:iron_ore":14,"minecraft:spruce_log":69,"minecraft:grass":3,"minecraft:oak_log":56,"minecraft:coal_ore":20,"minecraft:dirt":11,"minecraft:stone":53,"minecraft:fern":1}},"DataVersion":3465}