{"stats":{"minecraft:killed":{"minecraft:sheep":2,"minecraft:skeleton":4,"minecraft:zombie":7,"minecraft:pig":7,"minecraft:spider":1,"minecraft:cow":2,"naturalist:boar":2},"minecraft:picked_up":{"minecraft:raw_iron":14,"minecraft:crafting_table":2,"minecraft:leather":4,"minecraft:acacia_log":5,"minecraft:gravel":2,"minecraft:porkchop":18,"minecraft:oak_log":2,"minecraft:dirt":24,"minecraft:bone":4,"minecraft:arrow":4,"minecraft:rotten_flesh":3,"minecraft:bow":1,"minecraft:beef":5,"minecraft:mutton":3,"minecraft:coal":13,"duckling:duck_egg":1,"minecraft:white_wool":2,"minecraft:cobblestone":56,"rogues:ruby_glaive":1},"minecraft:custom":{"minecraft:time_since_rest":34742,"minecraft:sprint_one_cm":93610,"minecraft:damage_taken":979,"minecraft:walk_one_cm":69445,"minecraft:damage_blocked_by_shield":525,"minecraft:mob_kills":25,"minecraft:drop":6,"minecraft:damage_dealt":4160,"minecraft:swim_one_cm":597,"minecraft:interact_with_crafting_table":6,"minecraft:fly_one_cm":290931,"minecraft:crouch_one_cm":5499,"minecraft:play_time":42723,"minecraft:deaths":2,"minecraft:sneak_time":1786,"minecraft:walk_under_water_one_cm":70,"minecraft:jump":741,"minecraft:leave_game":3,"minecraft:walk_on_water_one_cm":316,"minecraft:time_since_death":34677,"minecraft:total_world_time":42723,"minecraft:fall_one_cm":25272},"minecraft:crafted":{"minecraft:oak_planks":4,"minecraft:stone_shovel":1,"minecraft:crafting_table":1,"minecraft:stick":12,"minecraft:wooden_pickaxe":1,"minecraft:stone_pickaxe":1,"minecraft:stone_sword":1,"minecraft:acacia_planks":20,"minecraft:torch":12,"minecraft:stone_axe":1},"minecraft:killed_by":{"minecraft:zombie":2},"minecraft:used":{"minecraft:stone_sword":43,"minecraft:stone_pickaxe":68,"minecraft:bread":9,"betterend:flavolite":137,"minecraft:wooden_pickaxe":12,"minecraft:shield":11,"paladins:diamond_claymore":1,"minecraft:mutton":1,"betterend:endstone_dust":3,"minecraft:torch":2,"minecraft:stone_axe":1,"minecraft:wooden_sword":54,"minecraft:dirt":5,"minecraft:cobblestone":14,"minecraft:crafting_table":2,"rogues:diamond_dagger":13,"duckling:duck_egg":1,"rogues:netherite_double_axe":1},"minecraft:dropped":{"minecraft:mutton":1,"rogues:ruby_glaive":1,"minecraft:rotten_flesh":3,"minecraft:wooden_sword":1},"minecraft:mined":{"minecraft:iron_ore":14,"minecraft:crafting_table":2,"minecraft:grass":3,"minecraft:acacia_log":5,"minecraft:coal_ore":13,"minecraft:grass_block":9,"minecraft:oak_log":1,"minecraft:dirt":5,"minecraft:stone":53}},"DataVersion":3465}