{"stats":{"minecraft:dropped":{"minecraft:soul_sand":1,"minecraft:brown_mushroom":3,"jewelry:ruby_ring":1,"minecraft:oak_log":34,"minecraft:cooked_porkchop":6,"ecologics:coconut_slice":2,"minecraft:decorated_pot":1,"minecraft:orange_tulip":1,"minecells:tentacle":1,"minecraft:lantern":1,"minecraft:emerald":2,"rogues:iron_glaive":2,"minecraft:dirt":48,"minecraft:red_bed":2,"minecraft:cornflower":3,"minecraft:mutton":1,"minecraft:gold_nugget":4,"minecraft:wooden_sword":2,"minecraft:iron_pickaxe":1,"minecraft:bone":2,"minecraft:gold_ingot":9,"minecraft:gravel":102,"minecells:cursed_sword":2,"minecraft:birch_sapling":6,"minecraft:rotten_flesh":14,"minecraft:cooked_mutton":9,"wizards:wand_fire":1,"bosses_of_mass_destruction:soul_star":3,"minecraft:poppy":1,"minecraft:tipped_arrow":1,"minecells:balanced_blade":1,"minecraft:melon_seeds":1,"minecraft:beetroot_seeds":4,"minecells:ice_shield":1,"minecraft:leather_boots":2,"ecologics:coconut_husk":9,"minecraft:ladder":2,"minecraft:arrow":1,"wizards:fire_spell_book":3,"minecraft:egg":3,"farmersdelight:tomato_seeds":6,"minecraft:iron_ingot":2,"minecraft:bread":10,"minecraft:wheat_seeds":20,"minecraft:book":51,"minecraft:feather":2,"minecraft:cobblestone":3,"minecells:greed_shield":3,"ecologics:crab_claw":1,"minecraft:stick":3,"minecraft:oxeye_daisy":1,"fwaystones:void_totem":1,"minecraft:torch":16,"minecraft:wooden_axe":1,"rogues:ruby_glaive":1,"minecells:hattoris_katana":1,"minecells:bloodthirsty_shield":2,"minecraft:string":2,"minecraft:spruce_sapling":9,"minecraft:dandelion":7,"minecraft:redstone":1,"minecraft:sweet_berries":8,"minecraft:cocoa_beans":2,"paladins:prior_robe_chest":1,"farmersdelight:cabbage_seeds":1,"minecraft:pumpkin_seeds":3,"minecraft:diamond_sword":1,"minecraft:oak_sapling":31,"minecells:rampart":1,"minecraft:spruce_log":26,"minecraft:bow":1,"minecraft:wooden_pickaxe":1},"minecraft:broken":{"archers:ranger_armor_feet":1,"minecraft:iron_shovel":1,"minecraft:iron_boots":1,"archers:ranger_armor_legs":1,"minecraft:stone_pickaxe":1,"archers:ranger_armor_head":1,"minecraft:stone_axe":1,"minecraft:stone_shovel":1,"minecraft:shield":1,"archers:ranger_armor_chest":1,"minecraft:iron_axe":1,"minecraft:iron_pickaxe":1,"minecraft:iron_helmet":1},"minecraft:killed_by":{"minecraft:pillager":4,"minecraft:vindicator":9,"minecraft:zombie":2,"minecraft:player":2,"illagerinvasion:inquisitor":1,"minecraft:skeleton":2,"illagerinvasion:provoker":2},"minecraft:used":{"minecells:sewers_tentacle_spawn_egg":1,"minecraft:iron_shovel":250,"minecells:shocker_spawn_egg":1,"minecells:cursed_sword":31,"minecraft:chest":28,"minecraft:shield":48,"graveyard:reaper_spawn_egg":1,"ecologics:coconut_planks":429,"minecraft:mutton":1,"minecells:buzzcutter_spawn_egg":1,"minecraft:jungle_planks":2,"paladins:holy_staff":84,"betternether:flaming_ruby_sword":53,"minecraft:obsidian":60,"minecraft:lava_bucket":1,"bagofholding:golden_bag_of_holding":1,"minecells:hattoris_katana":2,"paladins:iron_claymore":223,"minecells:balanced_blade":57,"archers:mechanic_shortbow":9,"rogues:iron_glaive":60,"minecraft:furnace":15,"bagofholding:leather_bag_of_holding":32,"minecraft:mossy_stone_bricks":1,"endermanoverhaul:corrupted_shield":15,"minecraft:stone_pickaxe":131,"minecraft:oak_planks":36,"minecraft:wooden_pickaxe":12,"paladins:diamond_claymore":1,"wizards:wand_frost":5,"minecraft:diamond_axe":174,"spell_engine:spell_binding":4,"minecells:disgusting_worm_spawn_egg":1,"archers:crystal_shortbow":94,"minecraft:white_wool":1,"minecraft:dark_oak_trapdoor":1,"rogues:diamond_dagger":13,"rogues:iron_sickle":95,"minecraft:crossbow":1,"paladins:iron_kite_shield":36,"minecraft:shears":1,"minecraft:bread":26,"graveyard:ghoul_spawn_egg":1,"betternether:spawn_egg_skull":1,"minecraft:gravel":13,"ecologics:coconut_slice":34,"minecraft:diamond_sword":28,"minecraft:wooden_sword":54,"minecells:inquisitor_spawn_egg":1,"minecraft:birch_log":1,"minecraft:bone_meal":12,"minecraft:experience_bottle":4,"minecells:rancid_rat_spawn_egg":1,"archers:crystal_longbow":33,"minecraft:stone_sword":56,"minecraft:stone_shovel":134,"bagofholding:iron_bag_of_holding":9,"betterend:flavolite":137,"minecraft:spruce_planks":141,"minecells:undead_archer_spawn_egg":1,"minecraft:cooked_salmon":5,"minecraft:torch":25,"fwaystones:blackstone_brick_waystone":2,"minecraft:dirt":9,"minecells:protector_spawn_egg":1,"ecologics:coconut_door":1,"ecologics:coconut_slab":4,"minecraft:bookshelf":78,"minecraft:iron_axe":264,"minecells:blood_sword":5,"minecraft:iron_boots":1,"betterend:endstone_dust":3,"minecells:leaping_zombie_spawn_egg":1,"archers:ruby_heavy_crossbow":2,"duckling:duck_egg":1,"ecologics:coconut_seedling":46,"paladins:aeternium_claymore":40,"minecraft:cooked_beef":13,"minecells:shieldbearer_spawn_egg":1,"minecraft:cooked_mutton":1,"minecraft:water_bucket":28,"minecraft:birch_planks":20,"minecraft:baked_potato":30,"minecells:scorpion_spawn_egg":1,"minecraft:crafting_table":10,"minecells:sweeper_spawn_egg":1,"minecells:runner_spawn_egg":1,"minecraft:red_bed":7,"paladins:iron_mace":5,"bosses_of_mass_destruction:soul_star":2,"minecells:mutated_bat_spawn_egg":4,"minecells:grenadier_spawn_egg":1,"minecraft:diamond_pickaxe":5,"runes:crafting_altar":1,"minecraft:diamond_shovel":171,"minecraft:iron_pickaxe":502,"minecells:kamikaze_spawn_egg":2,"betternether:nether_ruby_sword":16,"minecraft:stone_axe":147,"minecraft:cobblestone":161,"illagerinvasion:platinum_infused_hatchet":2,"ecologics:coconut_log":82,"minecraft:cooked_porkchop":20,"rogues:netherite_double_axe":1,"minecraft:bucket":28,"minecraft:glass_pane":50,"minecraft:purple_carpet":1},"minecraft:mined":{"minecraft:spruce_planks":39,"minecraft:acacia_log":5,"minecraft:grass_block":21,"minecraft:iron_ore":95,"minecraft:deepslate_lapis_ore":5,"minecraft:purple_carpet":1,"minecraft:deepslate_redstone_ore":3,"minecraft:brown_mushroom":1,"minecraft:red_bed":8,"minecraft:torch":3,"minecraft:chest":14,"minecraft:cobblestone":20,"minecraft:oak_planks":22,"minecraft:wall_torch":2,"minecraft:birch_log":16,"minecraft:grass":49,"minecraft:oak_log":56,"minecraft:sand":65,"minecraft:dirt":13,"minecraft:smooth_basalt":3,"minecraft:deepslate":102,"ecologics:coconut_planks":28,"minecraft:deepslate_diamond_ore":26,"minecraft:ladder":2,"minecraft:purple_terracotta":2,"minecraft:spruce_fence":3,"minecraft:decorated_pot":1,"ecologics:coconut_log":273,"minecraft:furnace":8,"minecraft:snow":106,"minecraft:bookshelf":23,"minecraft:vine":1,"minecraft:deepslate_iron_ore":10,"minecraft:stone":199,"minecraft:white_wool":1,"minecraft:podzol":1,"minecraft:oak_slab":2,"minecraft:infested_stone_bricks":1,"minecraft:crafting_table":6,"minecraft:oak_wood":1,"minecraft:copper_ore":38,"minecraft:tall_grass":2,"minecraft:lapis_ore":7,"minecraft:coarse_dirt":5,"jewelry:deepslate_gem_vein":3,"spell_engine:spell_binding":1,"minecraft:spruce_log":70,"minecraft:coal_ore":116,"minecraft:gravel":371,"minecraft:stone_bricks":1,"minecraft:gold_ore":6,"minecraft:mossy_stone_bricks":1,"minecraft:fern":1},"minecraft:killed":{"betternether:skull":1,"minecraft:spider":9,"naturalist:boar":4,"illagerinvasion:basher":1,"minecells:sweeper":1,"minecraft:skeleton":15,"minecraft:chicken":1,"illagerinvasion:provoker":4,"ecologics:coconut_crab":3,"minecraft:silverfish":4,"minecells:sewers_tentacle":1,"minecells:leaping_zombie":1,"minecells:protector":1,"illagerinvasion:inquisitor":3,"minecraft:pig":8,"minecells:scorpion":1,"minecraft:sheep":9,"minecraft:pillager":19,"minecraft:zombie":18,"minecraft:stray":3,"minecells:shieldbearer":1,"minecells:inquisitor":1,"minecraft:cow":7,"minecells:mutated_bat":4,"minecraft:vindicator":8,"illagerinvasion:marauder":2,"creeperoverhaul:snowy_creeper":2,"bosses_of_mass_destruction:lich":1,"graveyard:ghoul":2,"minecells:runner":1,"naturalist:bear":1,"minecells:rancid_rat":1,"naturalist:lizard":1,"minecraft:player":1,"minecells:buzzcutter":1},"minecraft:crafted":{"paladins:priest_robe_head":1,"minecraft:oak_planks":84,"minecraft:chain":9,"minecraft:stone":5,"paladins:priest_robe_chest":1,"minecraft:diamond_shovel":1,"minecraft:bookshelf":17,"minecraft:cooked_mutton":17,"rogues:iron_glaive":2,"minecraft:glass":64,"runes:healing_stone":216,"minecraft:iron_boots":3,"runes:frost_stone":66,"archers:mechanic_shortbow":1,"minecraft:chest":16,"minecraft:cooked_porkchop":26,"minecraft:diamond_axe":1,"minecraft:crafting_table":4,"minecraft:spruce_planks":208,"minecraft:baked_potato":14,"minecraft:wooden_pickaxe":1,"minecraft:iron_helmet":2,"minecraft:copper_ingot":64,"ecologics:coconut_stairs":60,"minecraft:birch_planks":44,"minecraft:iron_chestplate":1,"minecraft:charcoal":9,"minecraft:diamond_pickaxe":1,"ecologics:coconut_trapdoor":2,"minecraft:stick":36,"minecraft:iron_pickaxe":2,"minecraft:iron_ingot":109,"runes:crafting_altar":1,"minecraft:stone_sword":1,"minecraft:snow_block":43,"minecraft:gold_ingot":6,"jewelry:citrine_necklace":1,"paladins:holy_staff":1,"minecraft:shears":1,"minecraft:stone_shovel":1,"minecraft:iron_nugget":18,"ecologics:coconut_planks":692,"minecraft:furnace":8,"ecologics:coconut_door":3,"minecraft:bone_meal":12,"minecraft:glass_pane":64,"minecraft:iron_axe":1,"paladins:priest_robe_legs":1,"ecologics:coconut_slab":6,"minecraft:stone_pickaxe":1,"bagofholding:leather_bag_of_holding":1,"minecraft:cooked_beef":19,"paladins:iron_kite_shield":1,"wizards:wand_frost":1,"minecraft:bucket":1,"minecraft:stone_axe":1,"minecraft:air":0,"bagofholding:iron_bag_of_holding":1,"minecraft:white_wool":2,"minecraft:gold_nugget":54,"minecraft:iron_shovel":1,"minecraft:iron_leggings":2,"paladins:priest_robe_feet":1,"spell_engine:spell_binding":1,"minecraft:acacia_planks":20,"minecraft:torch":52},"minecraft:picked_up":{"illagerinvasion:platinum_chunk":1,"rogues:iron_glaive":1,"minecraft:diamond_sword":1,"minecraft:wither_rose":2,"minecells:buzzcutter_fang":1,"minecells:cursed_sword":2,"minecraft:string":19,"minecraft:raw_copper":133,"minecells:tentacle":1,"illagerinvasion:platinum_infused_hatchet":1,"minecraft:gold_nugget":13,"minecraft:cobbled_deepslate":170,"bosses_of_mass_destruction:soul_star":2,"minecraft:spruce_planks":31,"minecraft:iron_pickaxe":1,"minecells:molten_chunk":1,"minecraft:furnace":9,"ecologics:crab_claw":4,"minecraft:tipped_arrow":2,"minecells:guts":2,"minecraft:stick":77,"ecologics:coconut_seedling":54,"minecraft:torch":6,"minecraft:acacia_log":5,"minecraft:snow_block":43,"wizards:fire_spell_book":2,"minecells:balanced_blade":1,"minecraft:porkchop":25,"minecraft:rotten_flesh":17,"ecologics:coconut_log":270,"minecells:hattoris_katana":1,"minecraft:snowball":214,"minecraft:cobblestone":244,"minecraft:birch_log":12,"ecologics:coconut_planks":52,"minecraft:flint":34,"minecraft:lapis_lazuli":79,"minecraft:dirt":78,"minecraft:lantern":1,"minecraft:purple_carpet":1,"minecraft:leather_boots":1,"minecraft:bone":15,"minecraft:raw_gold":6,"minecraft:bow":2,"minecraft:orange_tulip":1,"minecraft:wheat_seeds":18,"jewelry:sapphire":1,"minecraft:mossy_stone_bricks":1,"minecraft:oak_planks":63,"duckling:duck_egg":1,"minecraft:cooked_porkchop":3,"paladins:prior_robe_chest":1,"minecraft:sand":64,"ecologics:coconut_husk":7,"minecells:metal_shards":2,"minecraft:diamond":28,"minecraft:golden_apple":3,"minecraft:emerald":16,"minecraft:oak_sapling":27,"minecraft:coarse_dirt":5,"minecraft:crafting_table":7,"wizards:wand_fire":1,"minecraft:chicken":1,"minecraft:ladder":2,"jewelry:citrine":1,"minecraft:brown_mushroom":2,"minecells:ice_shield":1,"minecraft:shield":1,"minecraft:cornflower":3,"minecraft:red_bed":9,"minecraft:wooden_sword":1,"graveyard:corruption":1,"minecells:sewer_calamari":1,"minecraft:beef":16,"minecraft:iron_nugget":5,"minecraft:poppy":1,"minecraft:chest":14,"minecraft:birch_sapling":3,"minecraft:phantom_membrane":2,"minecraft:egg":2,"minecells:bloodthirsty_shield":2,"minecraft:raw_iron":105,"ecologics:coconut_slice":38,"minecells:monsters_eye":2,"minecells:arcane_goo":1,"minecraft:spruce_fence":3,"minecraft:redstone":13,"minecraft:purple_terracotta":1,"minecraft:arrow":20,"minecraft:decorated_pot":1,"spell_engine:spell_binding":2,"minecraft:saddle":1,"minecraft:gold_ingot":8,"minecraft:mutton":12,"minecraft:white_wool":23,"rogues:ruby_glaive":1,"minecraft:oxeye_daisy":1,"minecraft:leather":25,"minecraft:filled_map":1,"minecraft:oak_log":55,"minecraft:stone_bricks":1,"minecraft:iron_ingot":8,"minecraft:soul_sand":1,"minecraft:book":55,"minecells:rampart":1,"minecraft:oak_slab":2,"jewelry:topaz":1,"minecraft:smooth_basalt":3,"minecraft:sweet_berries":2,"minecells:monster_cell":9,"minecraft:dandelion":7,"minecraft:gravel":574,"minecraft:spruce_sapling":7,"minecraft:spruce_log":98,"minecraft:spider_eye":4,"minecraft:oak_wood":2,"minecraft:stone_axe":1,"minecells:greed_shield":3,"minecraft:baked_potato":16,"minecraft:coal":116},"minecraft:custom":{"minecraft:interact_with_crafting_table":62,"minecraft:open_barrel":13,"minecraft:leave_game":7,"minecraft:time_since_death":107319,"minecraft:damage_resisted":16816,"minecraft:sprint_one_cm":660066,"minecraft:damage_blocked_by_shield":5225,"minecraft:drop":155,"minecraft:talked_to_villager":1,"minecraft:play_time":410917,"minecraft:deaths":28,"minecraft:jump":5156,"minecraft:walk_on_water_one_cm":12545,"minecraft:interact_with_furnace":139,"minecraft:sleep_in_bed":15,"minecraft:damage_dealt":37224,"minecraft:player_kills":2,"minecraft:crouch_one_cm":38198,"minecraft:horse_one_cm":121921,"minecraft:mob_kills":142,"minecraft:climb_one_cm":4813,"minecraft:walk_one_cm":766837,"minecraft:sneak_time":15020,"minecraft:walk_under_water_one_cm":10943,"minecraft:total_world_time":410917,"minecraft:time_since_rest":9879,"minecraft:damage_taken":53361,"minecraft:swim_one_cm":3801,"minecraft:fly_one_cm":1277612,"minecraft:open_chest":318,"minecraft:fall_one_cm":124471}},"DataVersion":3465}