{"stats":{"minecraft:killed":{"minecraft:vindicator":7,"minecraft:spider":1,"illagerinvasion:marauder":2,"illagerinvasion:basher":1,"naturalist:boar":4,"minecraft:skeleton":5,"illagerinvasion:provoker":4,"minecraft:silverfish":1,"illagerinvasion:inquisitor":3,"minecraft:pig":7,"graveyard:ghoul":1,"naturalist:bear":1,"minecraft:sheep":9,"minecraft:pillager":18,"minecraft:zombie":12,"naturalist:lizard":1,"minecraft:cow":7},"minecraft:picked_up":{"minecraft:coarse_dirt":5,"minecraft:crafting_table":3,"illagerinvasion:platinum_chunk":1,"minecraft:ladder":2,"minecraft:brown_mushroom":2,"rogues:iron_glaive":1,"minecraft:red_bed":8,"graveyard:corruption":1,"illagerinvasion:platinum_infused_hatchet":1,"minecraft:gold_nugget":4,"minecraft:spruce_planks":31,"minecraft:beef":16,"minecraft:iron_nugget":4,"minecraft:birch_sapling":3,"minecraft:egg":2,"minecraft:furnace":5,"minecraft:stick":52,"minecraft:raw_iron":46,"minecraft:torch":1,"minecraft:acacia_log":5,"minecraft:spruce_fence":3,"minecraft:porkchop":23,"minecraft:purple_terracotta":1,"minecraft:arrow":8,"minecraft:rotten_flesh":11,"minecraft:decorated_pot":1,"minecraft:saddle":1,"minecraft:mutton":12,"minecraft:white_wool":8,"minecraft:cobblestone":60,"rogues:ruby_glaive":1,"minecraft:birch_log":12,"minecraft:leather":14,"minecraft:oak_log":55,"minecraft:dirt":62,"minecraft:lantern":1,"minecraft:purple_carpet":1,"minecraft:bone":5,"minecraft:stone_bricks":1,"minecraft:bow":1,"minecraft:iron_ingot":7,"minecraft:mossy_stone_bricks":1,"minecraft:oak_planks":1,"duckling:duck_egg":1,"minecraft:book":54,"minecraft:oak_slab":2,"minecraft:smooth_basalt":3,"minecraft:sweet_berries":2,"paladins:prior_robe_chest":1,"minecraft:gravel":2,"minecraft:spruce_sapling":6,"minecraft:spruce_log":61,"minecraft:stone_axe":1,"minecraft:emerald":11,"minecraft:baked_potato":16,"minecraft:oak_sapling":27,"minecraft:coal":34},"minecraft:custom":{"minecraft:mob_kills":84,"minecraft:interact_with_crafting_table":26,"minecraft:open_barrel":11,"minecraft:leave_game":4,"minecraft:time_since_death":21042,"minecraft:climb_one_cm":3723,"minecraft:sprint_one_cm":369976,"minecraft:walk_one_cm":288675,"minecraft:damage_blocked_by_shield":3435,"minecraft:drop":72,"minecraft:talked_to_villager":1,"minecraft:play_time":150722,"minecraft:deaths":19,"minecraft:sneak_time":6703,"minecraft:walk_under_water_one_cm":4029,"minecraft:jump":2888,"minecraft:walk_on_water_one_cm":3602,"minecraft:total_world_time":150722,"minecraft:interact_with_furnace":36,"minecraft:sleep_in_bed":7,"minecraft:time_since_rest":2363,"minecraft:damage_taken":9497,"minecraft:damage_dealt":23102,"minecraft:swim_one_cm":597,"minecraft:fly_one_cm":683895,"minecraft:player_kills":1,"minecraft:open_chest":71,"minecraft:crouch_one_cm":15355,"minecraft:fall_one_cm":89580,"minecraft:horse_one_cm":121921},"minecraft:broken":{"minecraft:stone_pickaxe":1,"minecraft:stone_axe":1},"minecraft:crafted":{"minecraft:oak_planks":4,"minecraft:stone_shovel":1,"minecraft:furnace":2,"minecraft:cooked_mutton":1,"rogues:iron_glaive":2,"minecraft:iron_boots":1,"minecraft:iron_axe":1,"archers:mechanic_shortbow":1,"minecraft:stone_pickaxe":1,"minecraft:chest":3,"bagofholding:leather_bag_of_holding":1,"minecraft:cooked_beef":5,"paladins:iron_kite_shield":1,"minecraft:cooked_porkchop":23,"minecraft:crafting_table":2,"minecraft:spruce_planks":208,"minecraft:baked_potato":14,"minecraft:wooden_pickaxe":1,"minecraft:iron_helmet":1,"minecraft:bucket":1,"minecraft:birch_planks":44,"minecraft:stone_axe":1,"minecraft:air":0,"minecraft:stick":20,"minecraft:iron_pickaxe":1,"minecraft:iron_ingot":14,"minecraft:stone_sword":1,"minecraft:iron_leggings":1,"minecraft:acacia_planks":20,"minecraft:torch":12},"minecraft:killed_by":{"minecraft:pillager":4,"minecraft:vindicator":9,"illagerinvasion:inquisitor":1,"minecraft:zombie":2,"illagerinvasion:provoker":2},"minecraft:used":{"minecraft:stone_sword":56,"minecraft:stone_shovel":22,"betterend:flavolite":137,"minecraft:chest":2,"minecraft:spruce_planks":141,"minecraft:shield":31,"minecraft:torch":8,"minecraft:dirt":9,"minecraft:mutton":1,"minecraft:iron_axe":83,"paladins:iron_claymore":222,"minecraft:iron_boots":1,"betterend:endstone_dust":3,"archers:mechanic_shortbow":8,"rogues:iron_glaive":60,"minecraft:furnace":4,"duckling:duck_egg":1,"minecraft:cooked_beef":5,"bagofholding:leather_bag_of_holding":11,"minecraft:cooked_mutton":1,"minecraft:mossy_stone_bricks":1,"minecraft:water_bucket":7,"minecraft:birch_planks":20,"minecraft:stone_pickaxe":131,"minecraft:baked_potato":30,"minecraft:wooden_pickaxe":12,"paladins:diamond_claymore":1,"minecraft:crafting_table":6,"minecraft:red_bed":5,"rogues:diamond_dagger":13,"minecraft:crossbow":1,"paladins:iron_kite_shield":36,"minecraft:bread":25,"minecraft:iron_pickaxe":6,"minecraft:gravel":2,"minecraft:stone_axe":140,"minecraft:wooden_sword":54,"minecraft:cobblestone":31,"illagerinvasion:platinum_infused_hatchet":2,"minecraft:cooked_porkchop":17,"minecraft:bucket":8,"rogues:netherite_double_axe":1,"minecraft:birch_log":1,"minecraft:purple_carpet":1},"minecraft:dropped":{"farmersdelight:tomato_seeds":6,"minecraft:iron_ingot":1,"minecraft:bread":10,"minecraft:brown_mushroom":3,"minecraft:wheat_seeds":4,"jewelry:ruby_ring":1,"minecraft:oak_log":27,"minecraft:cooked_porkchop":6,"minecraft:decorated_pot":1,"minecraft:feather":2,"minecraft:cobblestone":1,"minecraft:lantern":1,"minecraft:stick":1,"rogues:iron_glaive":2,"minecraft:dirt":48,"minecraft:red_bed":2,"minecraft:mutton":1,"minecraft:wooden_axe":1,"rogues:ruby_glaive":1,"minecraft:gold_nugget":4,"minecraft:wooden_sword":1,"minecraft:spruce_sapling":9,"minecraft:redstone":1,"minecraft:sweet_berries":8,"minecraft:cocoa_beans":2,"paladins:prior_robe_chest":1,"minecraft:birch_sapling":6,"farmersdelight:cabbage_seeds":1,"minecraft:rotten_flesh":13,"minecraft:pumpkin_seeds":3,"minecraft:beetroot_seeds":4,"minecraft:melon_seeds":1,"minecraft:ladder":2,"minecraft:oak_sapling":31,"minecraft:spruce_log":26,"minecraft:wooden_pickaxe":1,"minecraft:egg":3},"minecraft:mined":{"minecraft:spruce_planks":39,"minecraft:ladder":2,"minecraft:purple_terracotta":2,"minecraft:acacia_log":5,"minecraft:spruce_fence":3,"minecraft:grass_block":21,"minecraft:decorated_pot":1,"minecraft:furnace":5,"minecraft:iron_ore":38,"minecraft:bookshelf":23,"minecraft:deepslate_iron_ore":8,"minecraft:vine":1,"minecraft:purple_carpet":1,"minecraft:stone":55,"minecraft:podzol":1,"minecraft:oak_slab":2,"minecraft:brown_mushroom":1,"minecraft:red_bed":7,"minecraft:infested_stone_bricks":1,"minecraft:crafting_table":3,"minecraft:cobblestone":1,"minecraft:oak_planks":2,"minecraft:wall_torch":1,"minecraft:coarse_dirt":5,"minecraft:birch_log":16,"minecraft:spruce_log":70,"minecraft:grass":5,"minecraft:oak_log":56,"minecraft:coal_ore":34,"minecraft:gravel":1,"minecraft:dirt":13,"minecraft:smooth_basalt":3,"minecraft:stone_bricks":1,"minecraft:mossy_stone_bricks":1,"minecraft:fern":1}},"DataVersion":3465}