{"stats":{"minecraft:custom":{"minecraft:mob_kills":103,"minecraft:interact_with_crafting_table":33,"minecraft:open_barrel":13,"minecraft:leave_game":5,"minecraft:time_since_death":54257,"minecraft:climb_one_cm":4673,"minecraft:sprint_one_cm":443420,"minecraft:walk_one_cm":412534,"minecraft:damage_blocked_by_shield":4560,"minecraft:drop":110,"minecraft:talked_to_villager":1,"minecraft:play_time":214938,"minecraft:sneak_time":7999,"minecraft:deaths":21,"minecraft:walk_under_water_one_cm":4133,"minecraft:jump":3701,"minecraft:walk_on_water_one_cm":10234,"minecraft:total_world_time":214938,"minecraft:interact_with_furnace":60,"minecraft:sleep_in_bed":9,"minecraft:time_since_rest":34876,"minecraft:damage_taken":11074,"minecraft:damage_dealt":26199,"minecraft:player_kills":2,"minecraft:swim_one_cm":3801,"minecraft:fly_one_cm":889986,"minecraft:open_chest":104,"minecraft:crouch_one_cm":19934,"minecraft:fall_one_cm":102155,"minecraft:horse_one_cm":121921},"minecraft:used":{"minecraft:stone_sword":56,"minecraft:stone_shovel":130,"betterend:flavolite":137,"minecraft:chest":4,"minecraft:spruce_planks":141,"minecraft:shield":48,"minecraft:cooked_salmon":5,"minecraft:torch":8,"minecraft:dirt":9,"minecraft:mutton":1,"paladins:holy_staff":22,"minecraft:bookshelf":63,"minecraft:iron_axe":87,"paladins:iron_claymore":222,"minecraft:iron_boots":1,"betterend:endstone_dust":3,"archers:mechanic_shortbow":9,"minecraft:furnace":7,"rogues:iron_glaive":60,"duckling:duck_egg":1,"minecraft:cooked_beef":8,"bagofholding:leather_bag_of_holding":23,"minecraft:cooked_mutton":1,"minecraft:water_bucket":19,"minecraft:mossy_stone_bricks":1,"minecraft:birch_planks":20,"minecraft:stone_pickaxe":131,"minecraft:baked_potato":30,"minecraft:oak_planks":36,"minecraft:wooden_pickaxe":12,"paladins:diamond_claymore":1,"wizards:wand_frost":5,"spell_engine:spell_binding":2,"rogues:diamond_dagger":13,"minecraft:crafting_table":7,"minecraft:red_bed":6,"rogues:iron_sickle":53,"paladins:iron_mace":5,"minecraft:crossbow":1,"paladins:iron_kite_shield":36,"minecraft:bread":26,"minecraft:iron_pickaxe":79,"minecraft:gravel":3,"minecraft:stone_axe":140,"minecraft:wooden_sword":54,"minecraft:cobblestone":56,"illagerinvasion:platinum_infused_hatchet":2,"rogues:netherite_double_axe":1,"minecraft:cooked_porkchop":20,"minecraft:bucket":18,"minecraft:birch_log":1,"minecraft:purple_carpet":1,"minecraft:experience_bottle":4},"minecraft:killed":{"minecraft:vindicator":7,"minecraft:spider":2,"illagerinvasion:marauder":2,"illagerinvasion:basher":1,"naturalist:boar":4,"creeperoverhaul:snowy_creeper":2,"minecraft:skeleton":12,"minecraft:chicken":1,"illagerinvasion:provoker":4,"ecologics:coconut_crab":1,"minecraft:silverfish":1,"illagerinvasion:inquisitor":3,"minecraft:pig":8,"graveyard:ghoul":1,"naturalist:bear":1,"minecraft:sheep":9,"minecraft:pillager":18,"minecraft:zombie":16,"minecraft:stray":1,"naturalist:lizard":1,"minecraft:player":1,"minecraft:cow":7},"minecraft:dropped":{"farmersdelight:tomato_seeds":6,"minecraft:iron_ingot":1,"minecraft:bread":10,"minecraft:brown_mushroom":3,"minecraft:wheat_seeds":16,"jewelry:ruby_ring":1,"minecraft:oak_log":34,"ecologics:coconut_slice":2,"minecraft:cooked_porkchop":6,"minecraft:decorated_pot":1,"minecells:greed_shield":1,"minecraft:orange_tulip":1,"minecells:tentacle":1,"minecraft:feather":2,"minecraft:cobblestone":3,"minecraft:book":51,"minecraft:lantern":1,"ecologics:crab_claw":1,"minecraft:stick":3,"minecraft:oxeye_daisy":1,"rogues:iron_glaive":2,"minecraft:dirt":48,"minecraft:red_bed":2,"minecraft:torch":16,"minecraft:cornflower":3,"minecraft:mutton":1,"minecraft:wooden_axe":1,"rogues:ruby_glaive":1,"minecraft:wooden_sword":1,"minecraft:gold_nugget":4,"minecraft:iron_pickaxe":1,"minecells:bloodthirsty_shield":1,"minecraft:redstone":1,"minecraft:spruce_sapling":9,"minecraft:gold_ingot":9,"minecraft:dandelion":7,"minecraft:sweet_berries":8,"minecraft:cocoa_beans":2,"paladins:prior_robe_chest":1,"minecraft:birch_sapling":6,"farmersdelight:cabbage_seeds":1,"minecraft:rotten_flesh":13,"wizards:wand_fire":1,"minecraft:cooked_mutton":9,"minecraft:pumpkin_seeds":3,"minecraft:poppy":1,"minecraft:beetroot_seeds":4,"minecraft:melon_seeds":1,"minecraft:oak_sapling":31,"minecraft:ladder":2,"minecraft:spruce_log":26,"minecraft:wooden_pickaxe":1,"wizards:fire_spell_book":3,"minecraft:egg":3},"minecraft:crafted":{"minecraft:oak_planks":84,"minecraft:stone_shovel":1,"minecraft:furnace":2,"minecraft:cooked_mutton":17,"rogues:iron_glaive":2,"minecraft:iron_boots":1,"minecraft:iron_axe":1,"runes:frost_stone":66,"minecraft:stone_pickaxe":1,"archers:mechanic_shortbow":1,"minecraft:chest":5,"bagofholding:leather_bag_of_holding":1,"minecraft:cooked_beef":19,"paladins:iron_kite_shield":1,"minecraft:cooked_porkchop":23,"minecraft:crafting_table":3,"minecraft:spruce_planks":208,"minecraft:iron_helmet":1,"minecraft:wooden_pickaxe":1,"minecraft:baked_potato":14,"wizards:wand_frost":1,"minecraft:bucket":1,"minecraft:birch_planks":44,"minecraft:stone_axe":1,"minecraft:air":0,"minecraft:stick":24,"minecraft:iron_ingot":47,"minecraft:iron_pickaxe":1,"minecraft:stone_sword":1,"minecraft:snow_block":43,"minecraft:iron_leggings":1,"spell_engine:spell_binding":1,"minecraft:acacia_planks":20,"minecraft:torch":12},"minecraft:broken":{"minecraft:iron_boots":1,"minecraft:stone_pickaxe":1,"minecraft:shield":1,"minecraft:stone_axe":1,"minecraft:iron_helmet":1},"minecraft:killed_by":{"minecraft:pillager":4,"minecraft:vindicator":9,"illagerinvasion:inquisitor":1,"minecraft:skeleton":2,"minecraft:zombie":2,"illagerinvasion:provoker":2},"minecraft:mined":{"minecraft:spruce_planks":39,"minecraft:ladder":2,"minecraft:purple_terracotta":2,"minecraft:acacia_log":5,"minecraft:spruce_fence":3,"minecraft:grass_block":21,"minecraft:decorated_pot":1,"minecraft:furnace":5,"minecraft:iron_ore":38,"minecraft:snow":106,"minecraft:bookshelf":23,"minecraft:deepslate_iron_ore":8,"minecraft:vine":1,"minecraft:purple_carpet":1,"minecraft:stone":112,"minecraft:podzol":1,"minecraft:oak_slab":2,"minecraft:brown_mushroom":1,"minecraft:red_bed":7,"minecraft:infested_stone_bricks":1,"minecraft:crafting_table":3,"minecraft:oak_wood":1,"minecraft:tall_grass":2,"minecraft:cobblestone":2,"minecraft:oak_planks":11,"minecraft:wall_torch":1,"minecraft:coarse_dirt":5,"minecraft:birch_log":16,"minecraft:spruce_log":70,"minecraft:grass":23,"minecraft:coal_ore":49,"minecraft:oak_log":56,"minecraft:gravel":4,"minecraft:dirt":13,"minecraft:smooth_basalt":3,"minecraft:stone_bricks":1,"minecraft:mossy_stone_bricks":1,"minecraft:fern":1},"minecraft:picked_up":{"minecraft:crafting_table":3,"minecraft:coarse_dirt":5,"wizards:wand_fire":1,"illagerinvasion:platinum_chunk":1,"minecraft:chicken":1,"minecraft:ladder":2,"minecraft:brown_mushroom":2,"rogues:iron_glaive":1,"minecraft:cornflower":3,"minecraft:red_bed":8,"graveyard:corruption":1,"illagerinvasion:platinum_infused_hatchet":1,"minecraft:gold_nugget":4,"minecraft:spruce_planks":31,"minecraft:beef":16,"minecraft:iron_nugget":4,"minecraft:poppy":1,"minecraft:iron_pickaxe":1,"minecraft:birch_sapling":3,"minecraft:furnace":5,"ecologics:crab_claw":1,"minecraft:egg":2,"minecraft:stick":52,"minecraft:raw_iron":46,"ecologics:coconut_slice":2,"minecraft:torch":1,"minecraft:acacia_log":5,"minecraft:spruce_fence":3,"wizards:fire_spell_book":2,"minecraft:porkchop":25,"minecraft:purple_terracotta":1,"minecraft:arrow":19,"minecraft:rotten_flesh":11,"minecraft:decorated_pot":1,"minecraft:saddle":1,"minecraft:gold_ingot":8,"minecraft:mutton":12,"minecraft:cobblestone":118,"minecraft:snowball":207,"minecraft:white_wool":8,"rogues:ruby_glaive":1,"minecraft:oxeye_daisy":1,"minecraft:birch_log":12,"minecraft:leather":14,"minecraft:filled_map":1,"minecraft:oak_log":55,"minecraft:dirt":62,"minecraft:lantern":1,"minecraft:purple_carpet":1,"minecraft:bone":12,"minecraft:stone_bricks":1,"minecraft:bow":1,"minecraft:wheat_seeds":12,"minecraft:orange_tulip":1,"minecraft:iron_ingot":7,"minecraft:mossy_stone_bricks":1,"minecraft:oak_planks":10,"duckling:duck_egg":1,"minecraft:book":55,"minecraft:oak_slab":2,"minecraft:smooth_basalt":3,"minecraft:sweet_berries":2,"paladins:prior_robe_chest":1,"minecraft:dandelion":7,"minecraft:gravel":6,"minecraft:spruce_sapling":6,"minecraft:spruce_log":61,"minecraft:oak_wood":1,"minecraft:stone_axe":1,"minecraft:golden_apple":3,"minecraft:emerald":11,"minecraft:baked_potato":16,"minecraft:oak_sapling":27,"minecraft:coal":49}},"DataVersion":3465}