{"stats":{"minecraft:custom":{"minecraft:interact_with_crafting_table":33,"minecraft:open_barrel":13,"minecraft:leave_game":5,"minecraft:time_since_death":5227,"minecraft:damage_resisted":16816,"minecraft:sprint_one_cm":458644,"minecraft:damage_blocked_by_shield":5225,"minecraft:drop":127,"minecraft:talked_to_villager":1,"minecraft:play_time":274938,"minecraft:deaths":25,"minecraft:jump":4040,"minecraft:walk_on_water_one_cm":10234,"minecraft:interact_with_furnace":60,"minecraft:sleep_in_bed":9,"minecraft:damage_dealt":30036,"minecraft:player_kills":2,"minecraft:crouch_one_cm":19934,"minecraft:horse_one_cm":121921,"minecraft:mob_kills":126,"minecraft:climb_one_cm":4673,"minecraft:walk_one_cm":521505,"minecraft:sneak_time":8025,"minecraft:walk_under_water_one_cm":4133,"minecraft:total_world_time":274938,"minecraft:time_since_rest":5258,"minecraft:damage_taken":52979,"minecraft:swim_one_cm":3801,"minecraft:fly_one_cm":939748,"minecraft:open_chest":107,"minecraft:fall_one_cm":102782},"minecraft:used":{"minecells:sewers_tentacle_spawn_egg":1,"minecells:cursed_sword":31,"minecraft:chest":4,"minecraft:shield":48,"minecraft:mutton":1,"minecells:buzzcutter_spawn_egg":1,"minecraft:jungle_planks":2,"paladins:holy_staff":81,"betternether:flaming_ruby_sword":53,"minecraft:obsidian":60,"minecells:hattoris_katana":2,"paladins:iron_claymore":222,"minecells:balanced_blade":45,"archers:mechanic_shortbow":9,"rogues:iron_glaive":60,"minecraft:furnace":7,"bagofholding:leather_bag_of_holding":23,"minecraft:mossy_stone_bricks":1,"endermanoverhaul:corrupted_shield":15,"minecraft:stone_pickaxe":131,"minecraft:oak_planks":36,"minecraft:wooden_pickaxe":12,"paladins:diamond_claymore":1,"wizards:wand_frost":5,"spell_engine:spell_binding":2,"minecells:disgusting_worm_spawn_egg":1,"archers:crystal_shortbow":94,"minecraft:dark_oak_trapdoor":1,"rogues:iron_sickle":53,"rogues:diamond_dagger":13,"minecraft:crossbow":1,"paladins:iron_kite_shield":36,"minecraft:bread":26,"minecraft:gravel":13,"minecraft:diamond_sword":28,"minecraft:wooden_sword":54,"minecells:inquisitor_spawn_egg":1,"minecraft:birch_log":1,"minecraft:experience_bottle":4,"minecells:rancid_rat_spawn_egg":1,"archers:crystal_longbow":33,"minecraft:stone_sword":56,"minecraft:stone_shovel":130,"betterend:flavolite":137,"minecells:undead_archer_spawn_egg":1,"minecraft:spruce_planks":141,"minecraft:cooked_salmon":5,"minecraft:torch":8,"minecraft:dirt":9,"minecells:protector_spawn_egg":1,"minecraft:bookshelf":63,"minecraft:iron_axe":87,"minecells:blood_sword":5,"minecraft:iron_boots":1,"betterend:endstone_dust":3,"minecells:leaping_zombie_spawn_egg":1,"archers:ruby_heavy_crossbow":2,"duckling:duck_egg":1,"paladins:aeternium_claymore":40,"minecraft:cooked_beef":8,"minecells:shieldbearer_spawn_egg":1,"minecraft:cooked_mutton":1,"minecraft:water_bucket":19,"minecraft:birch_planks":20,"minecraft:baked_potato":30,"minecells:scorpion_spawn_egg":1,"minecraft:crafting_table":7,"minecells:sweeper_spawn_egg":1,"minecraft:red_bed":6,"minecells:runner_spawn_egg":1,"paladins:iron_mace":5,"minecells:mutated_bat_spawn_egg":4,"minecraft:iron_pickaxe":79,"minecells:kamikaze_spawn_egg":2,"minecraft:stone_axe":147,"minecraft:cobblestone":56,"illagerinvasion:platinum_infused_hatchet":2,"minecraft:cooked_porkchop":20,"rogues:netherite_double_axe":1,"minecraft:bucket":18,"minecraft:purple_carpet":1},"minecraft:killed":{"minecraft:spider":4,"naturalist:boar":4,"illagerinvasion:basher":1,"minecells:sweeper":1,"minecraft:skeleton":14,"minecraft:chicken":1,"illagerinvasion:provoker":4,"ecologics:coconut_crab":1,"minecraft:silverfish":1,"minecells:sewers_tentacle":1,"minecells:leaping_zombie":1,"minecells:protector":1,"illagerinvasion:inquisitor":3,"minecraft:pig":8,"minecells:scorpion":1,"minecraft:sheep":9,"minecraft:pillager":19,"minecraft:zombie":17,"minecraft:stray":3,"minecells:shieldbearer":1,"minecells:inquisitor":1,"minecraft:cow":7,"minecells:mutated_bat":4,"minecraft:vindicator":8,"illagerinvasion:marauder":2,"creeperoverhaul:snowy_creeper":2,"graveyard:ghoul":1,"minecells:runner":1,"naturalist:bear":1,"minecells:rancid_rat":1,"naturalist:lizard":1,"minecraft:player":1,"minecells:buzzcutter":1},"minecraft:dropped":{"minecraft:brown_mushroom":3,"jewelry:ruby_ring":1,"minecraft:oak_log":34,"minecraft:cooked_porkchop":6,"ecologics:coconut_slice":2,"minecraft:decorated_pot":1,"minecraft:orange_tulip":1,"minecraft:lantern":1,"minecells:tentacle":1,"minecraft:emerald":2,"rogues:iron_glaive":2,"minecraft:dirt":48,"minecraft:red_bed":2,"minecraft:cornflower":3,"minecraft:mutton":1,"minecraft:gold_nugget":4,"minecraft:wooden_sword":1,"minecraft:iron_pickaxe":1,"minecraft:gold_ingot":9,"minecraft:bone":2,"minecells:cursed_sword":2,"minecraft:birch_sapling":6,"minecraft:rotten_flesh":13,"minecraft:cooked_mutton":9,"wizards:wand_fire":1,"minecraft:poppy":1,"minecraft:tipped_arrow":1,"minecells:balanced_blade":1,"minecraft:melon_seeds":1,"minecraft:beetroot_seeds":4,"minecells:ice_shield":1,"minecraft:ladder":2,"minecraft:arrow":1,"wizards:fire_spell_book":3,"minecraft:egg":3,"farmersdelight:tomato_seeds":6,"minecraft:bread":10,"minecraft:iron_ingot":2,"minecraft:wheat_seeds":16,"minecraft:feather":2,"minecraft:cobblestone":3,"minecraft:book":51,"minecells:greed_shield":3,"ecologics:crab_claw":1,"minecraft:stick":3,"minecraft:oxeye_daisy":1,"minecraft:torch":16,"minecraft:wooden_axe":1,"rogues:ruby_glaive":1,"minecells:hattoris_katana":1,"minecells:bloodthirsty_shield":2,"minecraft:spruce_sapling":9,"minecraft:dandelion":7,"minecraft:redstone":1,"minecraft:sweet_berries":8,"minecraft:cocoa_beans":2,"paladins:prior_robe_chest":1,"farmersdelight:cabbage_seeds":1,"minecraft:pumpkin_seeds":3,"minecraft:diamond_sword":1,"minecraft:oak_sapling":31,"minecells:rampart":1,"minecraft:spruce_log":26,"minecraft:wooden_pickaxe":1},"minecraft:crafted":{"minecraft:oak_planks":84,"minecraft:cooked_mutton":17,"rogues:iron_glaive":2,"minecraft:iron_boots":1,"runes:frost_stone":66,"archers:mechanic_shortbow":1,"minecraft:chest":5,"minecraft:cooked_porkchop":23,"minecraft:crafting_table":3,"minecraft:spruce_planks":208,"minecraft:wooden_pickaxe":1,"minecraft:baked_potato":14,"minecraft:iron_helmet":1,"minecraft:birch_planks":44,"minecraft:stick":24,"minecraft:iron_pickaxe":1,"minecraft:iron_ingot":47,"minecraft:stone_sword":1,"minecraft:snow_block":43,"minecraft:stone_shovel":1,"minecraft:furnace":2,"minecraft:iron_axe":1,"minecraft:stone_pickaxe":1,"bagofholding:leather_bag_of_holding":1,"minecraft:cooked_beef":19,"paladins:iron_kite_shield":1,"wizards:wand_frost":1,"minecraft:bucket":1,"minecraft:stone_axe":1,"minecraft:air":0,"minecraft:iron_leggings":1,"spell_engine:spell_binding":1,"minecraft:acacia_planks":20,"minecraft:torch":12},"minecraft:broken":{"archers:ranger_armor_feet":1,"minecraft:iron_boots":1,"archers:ranger_armor_legs":1,"minecraft:stone_pickaxe":1,"archers:ranger_armor_head":1,"minecraft:stone_axe":1,"minecraft:shield":1,"archers:ranger_armor_chest":1,"minecraft:iron_helmet":1},"minecraft:killed_by":{"minecraft:pillager":4,"minecraft:vindicator":9,"minecraft:zombie":2,"minecraft:player":2,"illagerinvasion:inquisitor":1,"minecraft:skeleton":2,"illagerinvasion:provoker":2},"minecraft:mined":{"minecraft:spruce_planks":39,"minecraft:acacia_log":5,"minecraft:grass_block":21,"minecraft:iron_ore":38,"minecraft:purple_carpet":1,"minecraft:brown_mushroom":1,"minecraft:red_bed":7,"minecraft:cobblestone":2,"minecraft:oak_planks":11,"minecraft:wall_torch":1,"minecraft:birch_log":16,"minecraft:grass":23,"minecraft:oak_log":56,"minecraft:dirt":13,"minecraft:smooth_basalt":3,"minecraft:ladder":2,"minecraft:purple_terracotta":2,"minecraft:spruce_fence":3,"minecraft:decorated_pot":1,"minecraft:furnace":5,"minecraft:snow":106,"minecraft:bookshelf":23,"minecraft:vine":1,"minecraft:deepslate_iron_ore":8,"minecraft:stone":112,"minecraft:podzol":1,"minecraft:oak_slab":2,"minecraft:infested_stone_bricks":1,"minecraft:crafting_table":3,"minecraft:oak_wood":1,"minecraft:tall_grass":2,"minecraft:coarse_dirt":5,"minecraft:spruce_log":70,"minecraft:coal_ore":49,"minecraft:gravel":4,"minecraft:stone_bricks":1,"minecraft:mossy_stone_bricks":1,"minecraft:fern":1},"minecraft:picked_up":{"illagerinvasion:platinum_chunk":1,"rogues:iron_glaive":1,"minecraft:diamond_sword":1,"minecells:buzzcutter_fang":1,"minecells:cursed_sword":2,"minecraft:string":1,"minecells:tentacle":1,"illagerinvasion:platinum_infused_hatchet":1,"minecraft:gold_nugget":13,"minecraft:spruce_planks":31,"minecraft:iron_pickaxe":1,"ecologics:crab_claw":1,"minecraft:furnace":5,"minecraft:tipped_arrow":1,"minecraft:stick":53,"minecells:guts":1,"minecraft:torch":1,"minecraft:acacia_log":5,"wizards:fire_spell_book":2,"minecraft:porkchop":25,"minecraft:rotten_flesh":15,"minecells:hattoris_katana":1,"minecraft:snowball":214,"minecraft:cobblestone":118,"minecraft:birch_log":12,"minecraft:dirt":76,"minecraft:lantern":1,"minecraft:purple_carpet":1,"minecraft:bone":15,"minecraft:bow":1,"minecraft:orange_tulip":1,"minecraft:wheat_seeds":14,"minecraft:mossy_stone_bricks":1,"minecraft:oak_planks":10,"duckling:duck_egg":1,"paladins:prior_robe_chest":1,"minecells:metal_shards":2,"minecraft:diamond":2,"minecraft:golden_apple":3,"minecraft:emerald":16,"minecraft:oak_sapling":27,"minecraft:coarse_dirt":5,"minecraft:crafting_table":3,"wizards:wand_fire":1,"minecraft:chicken":1,"minecraft:ladder":2,"minecraft:brown_mushroom":2,"minecells:ice_shield":1,"minecraft:cornflower":3,"minecraft:red_bed":8,"graveyard:corruption":1,"minecells:sewer_calamari":1,"minecraft:beef":16,"minecraft:iron_nugget":5,"minecraft:poppy":1,"minecraft:birch_sapling":3,"minecraft:egg":2,"minecells:bloodthirsty_shield":2,"minecraft:raw_iron":46,"ecologics:coconut_slice":2,"minecells:monsters_eye":2,"minecells:arcane_goo":1,"minecraft:spruce_fence":3,"minecraft:purple_terracotta":1,"minecraft:arrow":20,"minecraft:decorated_pot":1,"minecraft:saddle":1,"minecraft:gold_ingot":8,"minecraft:mutton":12,"minecraft:white_wool":8,"minecraft:oxeye_daisy":1,"rogues:ruby_glaive":1,"minecraft:leather":14,"minecraft:filled_map":1,"minecraft:oak_log":55,"minecraft:stone_bricks":1,"minecraft:iron_ingot":8,"minecraft:book":55,"minecells:rampart":1,"minecraft:oak_slab":2,"minecraft:smooth_basalt":3,"minecraft:sweet_berries":2,"minecells:monster_cell":8,"minecraft:dandelion":7,"minecraft:gravel":6,"minecraft:spruce_sapling":7,"minecraft:spruce_log":62,"minecraft:oak_wood":1,"minecraft:stone_axe":1,"minecells:greed_shield":3,"minecraft:baked_potato":16,"minecraft:coal":49}},"DataVersion":3465}