{"stats":{"minecraft:custom":{"minecraft:interact_with_crafting_table":104,"minecraft:open_barrel":68,"minecraft:leave_game":14,"minecraft:time_since_death":76830,"minecraft:damage_blocked_by_shield":5225,"minecraft:play_time":1029042,"minecraft:deaths":64,"minecraft:jump":13366,"minecraft:enchant_item":4,"minecraft:interact_with_furnace":170,"minecraft:traded_with_villager":378,"minecraft:sleep_in_bed":42,"minecraft:damage_dealt":65536,"minecraft:interact_with_smoker":8,"minecraft:inspect_dispenser":2,"minecraft:horse_one_cm":121921,"minecraft:interact_with_smithing_table":5,"minecraft:interact_with_anvil":9,"minecraft:sneak_time":48377,"minecraft:interact_with_blast_furnace":87,"minecraft:total_world_time":1029042,"minecraft:time_since_rest":1505,"minecraft:swim_one_cm":32736,"minecraft:fly_one_cm":3355617,"minecraft:open_chest":891,"minecraft:fall_one_cm":369875,"minecraft:animals_bred":1,"minecraft:damage_resisted":16816,"minecraft:sprint_one_cm":1850681,"minecraft:drop":438,"minecraft:talked_to_villager":466,"minecraft:walk_on_water_one_cm":70474,"minecraft:player_kills":4,"minecraft:crouch_one_cm":113873,"minecraft:mob_kills":423,"minecraft:climb_one_cm":22174,"minecraft:walk_one_cm":2021225,"minecraft:walk_under_water_one_cm":44772,"minecraft:boat_one_cm":142805,"minecraft:interact_with_grindstone":1,"minecraft:damage_taken":77327,"minecraft:damage_absorbed":7},"minecraft:dropped":{"minecraft:acacia_wood":2,"minecraft:porkchop":3,"minecraft:stripped_mangrove_wood":3,"jewelry:ruby_ring":1,"minecraft:diamond":1,"minecraft:cooked_porkchop":20,"minecraft:orange_tulip":1,"minecraft:crossbow":1,"minecells:tentacle":1,"minecraft:fletching_table":1,"minecraft:brown_banner":7,"minecraft:cut_sandstone_slab":1,"minecraft:item_frame":4,"minecraft:emerald":60,"rogues:iron_glaive":2,"minecraft:dirt":54,"minecraft:red_bed":3,"minecraft:netherite_boots":1,"minecraft:horn_coral":1,"minecraft:gold_nugget":4,"minecraft:wooden_sword":2,"minecraft:sand":9,"minecraft:iron_pickaxe":1,"minecraft:dark_oak_planks":3,"minecraft:birch_stairs":4,"minecraft:bone":9,"minecraft:tropical_fish_bucket":1,"minecraft:golden_chestplate":4,"betternether:nether_brick_wall":2,"minecraft:birch_sapling":6,"rogues:warrior_armor_feet":1,"minecraft:rotten_flesh":21,"minecraft:oak_planks":2,"wizards:wand_fire":1,"minecraft:dead_fire_coral_block":3,"bosses_of_mass_destruction:soul_star":3,"minecraft:tipped_arrow":1,"minecells:balanced_blade":1,"minecraft:charcoal":26,"minecraft:leather_boots":4,"minecraft:acacia_sapling":9,"minecraft:ladder":83,"minecraft:leather_leggings":5,"jewelry:gold_ring":1,"wizards:fire_spell_book":3,"archers:netherite_spear":2,"minecraft:acacia_fence":9,"minecraft:egg":3,"farmersdelight:tomato_seeds":6,"minecraft:iron_ingot":2,"minecraft:wheat_seeds":29,"betternether:cincinnasite_wall":1,"minecraft:cobblestone":6,"minecraft:feather":3,"minecraft:book":51,"minecells:greed_shield":3,"paladins:ruby_holy_staff":1,"minecraft:spruce_button":1,"betternether:flaming_ruby_sword":1,"minecraft:lava_bucket":1,"minecraft:oxeye_daisy":1,"minecraft:wooden_axe":1,"paladins:priest_robe_legs":2,"villagersplus:oceanographer_table":1,"minecraft:string":2,"rogues:warrior_armor_legs":1,"minecraft:acacia_planks":56,"minecraft:spruce_sapling":14,"ecologics:coconut_planks":17,"minecraft:cocoa_beans":2,"paladins:prior_robe_chest":2,"minecraft:chicken":1,"minecraft:iron_boots":2,"minecraft:pumpkin_seeds":6,"paladins:holy_staff":1,"minecraft:diamond_sword":1,"minecraft:stone":2,"minecraft:sea_pickle":4,"runes:healing_stone":315,"minecraft:spruce_planks":6,"minecraft:diamond_pickaxe":3,"rogues:warrior_armor_chest":1,"minecraft:sandstone":9,"minecraft:bow":1,"ecologics:seashell":4,"minecraft:dark_prismarine":1,"minecraft:soul_sand":1,"minecraft:brown_mushroom":3,"minecraft:birch_planks":3,"minecraft:diamond_axe":2,"minecraft:oak_log":34,"ecologics:coconut_slice":14,"minecraft:decorated_pot":2,"rogues:warrior_armor_head":1,"minecraft:lantern":1,"minecraft:cyan_terracotta":1,"minecraft:cracked_polished_blackstone_bricks":2,"minecraft:cornflower":3,"minecraft:mutton":1,"betternether:cincinnasite_stairs":1,"minecraft:polished_blackstone_bricks":16,"minecraft:tube_coral":1,"minecraft:gold_ingot":9,"minecraft:gravel":102,"duckling:raw_duck":1,"minecraft:blackstone":4,"betternether:nether_reed_door":1,"minecells:cursed_sword":2,"minecraft:smooth_sandstone_stairs":1,"ecologics:coconut_log":2,"jewelry:netherite_tanzanite_necklace":1,"minecraft:cooked_mutton":9,"minecraft:acacia_stairs":92,"minecraft:poppy":1,"rogues:stone_double_axe":1,"minecraft:melon_seeds":1,"minecraft:beetroot_seeds":4,"minecells:ice_shield":1,"minecraft:acacia_slab":2,"ecologics:coconut_husk":11,"minecraft:chest":1,"paladins:priest_robe_feet":2,"minecraft:arrow":5,"minecraft:netherrack":3,"minecraft:bread":42,"minecraft:mossy_cobblestone":1,"minecraft:diamond_leggings":1,"ecologics:coconut_seedling":3,"ecologics:crab_claw":2,"minecraft:tropical_fish":2,"minecraft:stick":13,"fwaystones:void_totem":1,"paladins:netherite_holy_staff":1,"minecraft:torch":16,"rogues:ruby_glaive":1,"minecells:hattoris_katana":1,"rogues:warrior_spell_book":1,"minecraft:iron_leggings":2,"minecells:bloodthirsty_shield":3,"minecraft:dandelion":7,"minecraft:redstone":1,"minecraft:bubble_coral":1,"minecraft:kelp":7,"minecraft:sweet_berries":8,"minecraft:tuff":1,"farmersdelight:cabbage_seeds":1,"supplementaries:globe":1,"minecraft:stripped_acacia_wood":4,"minecraft:filled_map":1,"betternether:cincinnasite_sword":3,"minecraft:mud_bricks":2,"minecraft:iron_chestplate":2,"paladins:iron_claymore":3,"minecraft:fire_coral":1,"minecraft:oak_sapling":31,"paladins:acolyte_wand":1,"minecraft:golden_sword":1,"minecraft:birch_sign":1,"minecells:rampart":1,"minecraft:spruce_log":42,"minecraft:wooden_pickaxe":1,"minecraft:calcite":1},"minecraft:picked_up":{"minecraft:iron_chestplate":1,"minecraft:smithing_table":2,"minecraft:diamond_sword":1,"minecraft:oak_stairs":1,"minecraft:wither_rose":2,"minecells:buzzcutter_fang":1,"minecraft:brewing_stand":2,"minecells:cursed_sword":2,"minecraft:golden_sword":1,"minecraft:string":25,"minecraft:shroomlight":1,"illagerinvasion:platinum_infused_hatchet":1,"minecraft:diamond_leggings":1,"minecraft:gold_nugget":26,"minecraft:cobbled_deepslate":227,"bosses_of_mass_destruction:soul_star":5,"minecraft:spruce_planks":49,"minecraft:bubble_coral":1,"minecraft:coal_block":2,"ecologics:crab_claw":5,"minecells:guts":2,"minecraft:composter":2,"minecraft:acacia_log":168,"minecells:balanced_blade":1,"wizards:fire_spell_book":2,"minecraft:golden_chestplate":5,"minecraft:light_gray_bed":1,"minecraft:tropical_fish":2,"minecraft:blackstone_wall":3,"minecraft:cyan_terracotta":2,"supplementaries:ash":5,"villagersplus:alchemist_table":1,"minecraft:snowball":214,"minecraft:birch_log":12,"minecraft:feather":1,"ecologics:coconut_planks":81,"minecraft:smoker":2,"archers:netherite_spear":1,"minecraft:flint":36,"minecraft:stripped_spruce_wood":2,"jewelry:netherite_tanzanite_necklace":1,"minecraft:lantern":1,"minecraft:purple_carpet":1,"jewelry:sapphire":1,"duckling:duck_egg":4,"paladins:prior_robe_chest":2,"minecraft:stripped_acacia_wood":242,"ecologics:coconut_husk":7,"minecraft:acacia_stairs":92,"paladins:ruby_holy_staff":1,"minecraft:barrel":2,"minecraft:netherite_block":1,"betternether:cincinnasite_lantern":1,"minecraft:granite":55,"minecraft:spruce_button":2,"minecraft:jack_o_lantern":3,"minecraft:diamond_pickaxe":2,"minecraft:crafting_table":8,"minecraft:coarse_dirt":16,"wizards:wand_fire":1,"minecraft:nether_wart":12,"ecologics:seashell":4,"runes:crafting_altar":1,"minecraft:leather_leggings":6,"betternether:bone_slab":6,"jewelry:citrine":1,"paladins:netherite_holy_staff":1,"paladins:holy_staff":1,"betternether:flaming_ruby_sword":1,"minecraft:dead_horn_coral_block":3,"minecraft:fire_coral":1,"minecraft:cornflower":3,"minecraft:red_bed":12,"minecraft:acacia_door":2,"minecells:sewer_calamari":1,"minecraft:netherite_sword":3,"minecraft:beef":18,"minecraft:iron_nugget":5,"minecraft:poppy":1,"minecraft:chest":33,"minecraft:birch_sapling":3,"minecraft:egg":4,"minecells:bloodthirsty_shield":3,"minecraft:sandstone":48,"minecells:arcane_goo":1,"minecraft:spruce_fence":3,"minecraft:redstone":68,"minecraft:tnt":1,"runes:healing_stone":251,"betternether:cincinnasite_stairs":1,"minecraft:decorated_pot":1,"minecraft:hay_block":42,"spell_engine:spell_binding":6,"minecraft:gold_ingot":9,"wizards:staff_wizard":1,"minecraft:mutton":12,"minecraft:white_wool":23,"minecraft:oxeye_daisy":1,"minecraft:mud_bricks":2,"minecraft:acacia_wood":180,"minecraft:filled_map":1,"minecraft:oak_log":81,"minecraft:ancient_debris":4,"minecraft:stone_bricks":1,"minecraft:kelp":7,"minecells:rampart":1,"minecraft:smooth_basalt":3,"minecraft:sweet_berries":2,"minecells:monster_cell":9,"minecraft:red_wool":3,"minecraft:gravel":582,"minecraft:dead_fire_coral_block":3,"minecraft:birch_stairs":4,"minecraft:spruce_sapling":142,"minecraft:spruce_log":1182,"villagersplus:oceanographer_table":1,"minecraft:leather_helmet":1,"minecraft:oak_wood":2,"minecraft:slime_ball":21,"minecraft:stone_axe":1,"minecraft:diamond_axe":1,"minecraft:birch_sign":2,"minecells:greed_shield":3,"minecraft:baked_potato":16,"minecraft:brown_banner":7,"minecraft:ender_pearl":2,"illagerinvasion:platinum_chunk":1,"rogues:iron_glaive":1,"minecraft:raw_copper":278,"betternether:cincinnasite_wall":2,"minecraft:iron_leggings":3,"minecraft:experience_bottle":14,"minecraft:sea_pickle":4,"minecells:tentacle":1,"minecraft:calcite":1,"minecraft:iron_pickaxe":1,"minecells:molten_chunk":1,"minecraft:iron_boots":1,"minecraft:furnace":9,"minecraft:tipped_arrow":2,"minecraft:stick":153,"minecraft:acacia_fence":31,"betternether:nether_reed_door":1,"minecraft:torch":66,"ecologics:coconut_seedling":68,"minecraft:snow_block":43,"minecraft:porkchop":135,"minecraft:rotten_flesh":41,"betternether:cincinnasite_lantern_small":1,"ecologics:coconut_log":371,"minecells:hattoris_katana":1,"betternether:cincinnasite_bars":1,"minecraft:cobblestone":432,"minecraft:enchanting_table":7,"minecraft:leather_chestplate":2,"paladins:priest_robe_legs":1,"jewelry:gold_ring":1,"minecraft:andesite":12,"minecraft:tuff":1,"minecraft:smooth_sandstone_stairs":2,"minecraft:wither_skeleton_skull":1,"minecraft:horn_coral":1,"minecraft:acacia_boat":1,"minecraft:lapis_lazuli":209,"minecraft:dirt":177,"minecraft:cut_sandstone_slab":1,"minecraft:leather_boots":4,"minecraft:bone":126,"minecraft:acacia_planks":395,"minecraft:bow":3,"minecraft:wheat_seeds":34,"minecraft:orange_tulip":1,"minecraft:raw_gold":44,"minecraft:cobbled_deepslate_slab":2,"minecraft:bell":1,"paladins:acolyte_wand":1,"minecraft:grindstone":1,"minecraft:mossy_stone_bricks":1,"minecraft:fletching_table":37,"minecraft:oak_planks":76,"minecraft:cooked_porkchop":50,"minecraft:sand":179,"minecells:metal_shards":2,"minecraft:mossy_cobblestone":1,"minecraft:dark_prismarine":3,"minecraft:diamond":42,"minecraft:spruce_boat":1,"minecraft:cracked_polished_blackstone_bricks":3,"minecraft:crossbow":1,"minecraft:golden_apple":3,"minecraft:emerald":75,"minecraft:oak_sapling":27,"minecraft:netherrack":312,"minecraft:charcoal":5,"minecraft:chicken":2,"minecraft:ladder":2,"minecraft:brown_mushroom":2,"minecraft:gold_block":3,"minecells:ice_shield":1,"ecologics:coconut_boat":5,"minecraft:shield":1,"minecraft:wooden_sword":1,"minecraft:item_frame":4,"minecraft:blackstone":6,"graveyard:corruption":1,"jewelry:citrine_ring":1,"minecraft:oak_boat":1,"minecraft:player_head":3,"minecraft:lectern":314,"minecraft:phantom_membrane":2,"duckling:raw_duck":1,"minecraft:raw_iron":281,"betternether:nether_brick_wall":2,"minecraft:stripped_mangrove_wood":3,"ecologics:coconut_slice":50,"betternether:cincinnasite_sword":3,"minecells:monsters_eye":2,"minecraft:polished_blackstone_bricks":37,"minecraft:stone_pressure_plate":1,"minecraft:purple_terracotta":1,"minecraft:dark_oak_planks":4,"minecraft:tube_coral":1,"minecraft:arrow":63,"minecraft:saddle":1,"rogues:ruby_glaive":1,"minecraft:netherite_boots":7,"minecraft:basalt":4,"minecraft:leather":48,"minecraft:birch_planks":4,"paladins:paladin_armor_chest":1,"minecraft:acacia_trapdoor":6,"minecraft:spruce_wood":33,"minecraft:iron_ingot":9,"minecraft:acacia_sapling":10,"minecraft:soul_sand":1,"minecraft:book":211,"minecraft:tropical_fish_bucket":1,"minecraft:oak_slab":6,"jewelry:topaz":1,"paladins:iron_claymore":3,"betternether:stalagnate_ladder":3,"minecraft:dandelion":7,"minecraft:lava_bucket":1,"minecraft:blast_furnace":36,"minecraft:spider_eye":4,"betternether:cincinnasite_forge":3,"minecraft:stripped_jungle_wood":2,"minecraft:coal":297,"betternether:nether_reed_roof":3},"minecraft:broken":{"archers:ranger_armor_feet":1,"minecraft:iron_boots":1,"minecraft:shield":1,"archers:ranger_armor_chest":1,"minecraft:iron_axe":1,"minecraft:iron_pickaxe":1,"minecraft:iron_helmet":2,"minecraft:iron_shovel":1,"archers:ranger_armor_legs":1,"minecraft:stone_pickaxe":1,"paladins:priest_robe_head":2,"archers:ranger_armor_head":1,"minecraft:stone_axe":1,"minecraft:stone_shovel":1,"minecraft:diamond_axe":1,"paladins:holy_staff":1},"minecraft:mined":{"minecraft:dark_oak_planks":4,"minecraft:granite":51,"minecraft:acacia_log":168,"minecraft:light_gray_bed":2,"minecraft:coal_block":2,"minecraft:nether_wart":5,"minecraft:spawner":8,"minecraft:polished_blackstone_bricks":16,"minecraft:fire":4,"minecraft:barrel":2,"minecraft:fletching_table":37,"supplementaries:globe":2,"minecraft:deepslate_lapis_ore":16,"minecraft:enchanting_table":7,"minecraft:dirt_path":58,"minecraft:oak_stairs":1,"minecraft:smooth_sandstone_stairs":2,"minecraft:spruce_wood":33,"minecraft:stripped_mangrove_wood":3,"minecraft:brown_mushroom":1,"minecraft:red_bed":12,"minecraft:kelp_plant":1,"betternether:sepia_bone_grass":1,"minecraft:smoker":2,"minecraft:powder_snow":4,"minecraft:torch":18,"minecraft:blast_furnace":36,"minecraft:glass":22,"ecologics:seashell":3,"minecraft:grass":118,"minecraft:smooth_basalt":3,"minecraft:deepslate":159,"villagersplus:oceanographer_table":1,"minecraft:dark_prismarine":2,"betternether:cincinnasite_forge":3,"minecraft:mossy_cobblestone":1,"betternether:stalagnate_ladder":5,"minecraft:cobbled_deepslate_slab":2,"minecraft:spruce_fence":3,"minecraft:stripped_jungle_wood":1,"minecraft:kelp":3,"minecraft:horn_coral":1,"minecraft:redstone_ore":9,"minecraft:acacia_trapdoor":6,"betternether:cincinnasite_wall":2,"runes:crafting_altar":1,"minecraft:snow":106,"minecraft:acacia_wood":184,"minecraft:andesite":12,"minecraft:vine":1,"bosses_of_mass_destruction:gauntlet_blackstone":1,"minecraft:fire_coral_block":3,"minecraft:white_wool":1,"minecraft:smithing_table":2,"minecraft:oak_slab":3,"minecraft:birch_stairs":5,"minecraft:glass_pane":4,"betternether:cincinnasite_stairs":1,"minecraft:dandelion":1,"minecraft:fire_coral":1,"minecraft:tall_grass":12,"minecraft:copper_ore":63,"minecraft:deepslate_gold_ore":20,"betternether:bone_slab":6,"minecraft:coarse_dirt":16,"jewelry:deepslate_gem_vein":3,"minecraft:stripped_spruce_wood":2,"minecraft:spruce_log":1131,"minecraft:gravel":381,"minecraft:acacia_door":2,"minecraft:acacia_planks":404,"minecraft:stone_bricks":1,"minecraft:gold_ore":24,"minecraft:fern":1,"minecraft:spruce_planks":53,"minecraft:brewing_stand":2,"minecraft:grass_block":41,"minecraft:cracked_polished_blackstone_bricks":2,"betternether:nether_brick_wall":2,"minecraft:mud_bricks":2,"minecraft:composter":2,"minecraft:iron_ore":226,"betternether:nether_reed_roof":3,"minecraft:purple_carpet":1,"minecraft:deepslate_redstone_ore":6,"minecraft:cyan_terracotta":1,"minecraft:blackstone":5,"minecraft:calcite":1,"minecraft:chest":31,"minecraft:cobblestone":23,"minecraft:grindstone":1,"minecraft:oak_planks":28,"minecraft:wall_torch":18,"minecraft:deepslate_copper_ore":16,"minecraft:seagrass":2,"minecraft:birch_log":16,"minecraft:tnt":1,"minecraft:oak_log":82,"minecraft:acacia_fence":32,"minecraft:sand":180,"minecraft:dirt":31,"villagersplus:alchemist_table":1,"minecraft:netherrack":278,"minecraft:ancient_debris":4,"minecraft:horn_coral_block":3,"minecraft:nether_gold_ore":4,"minecraft:tuff":1,"ecologics:coconut_planks":51,"minecraft:deepslate_diamond_ore":40,"minecraft:blackstone_wall":1,"minecraft:ladder":2,"minecraft:purple_terracotta":2,"minecraft:decorated_pot":1,"ecologics:coconut_log":372,"minecraft:spruce_leaves":26,"minecraft:sandstone":48,"minecraft:hay_block":42,"minecraft:spruce_sapling":1,"minecraft:furnace":8,"minecraft:acacia_stairs":92,"minecraft:gold_block":3,"minecraft:bookshelf":75,"minecraft:deepslate_iron_ore":56,"minecraft:shroomlight":1,"minecraft:stone":380,"minecraft:podzol":1,"minecraft:acacia_leaves":1,"minecraft:red_wool":3,"minecraft:infested_stone_bricks":1,"minecraft:crafting_table":7,"minecraft:oak_wood":1,"minecraft:lectern":314,"minecraft:deepslate_coal_ore":36,"minecraft:lapis_ore":16,"supplementaries:urn":2,"minecraft:birch_planks":4,"minecraft:sea_pickle":1,"spell_engine:spell_binding":5,"betternether:cincinnasite_lantern_small":1,"minecraft:coal_ore":196,"minecraft:stripped_acacia_wood":249,"minecraft:mossy_stone_bricks":1},"minecraft:crafted":{"paladins:priest_robe_head":1,"rogues:warrior_armor_feet":1,"minecraft:chain":9,"paladins:priest_robe_chest":1,"minecraft:diamond_shovel":1,"minecraft:bookshelf":55,"minecraft:cooked_mutton":17,"fwaystones:abyss_watcher":1,"rogues:iron_glaive":2,"minecraft:glass":64,"minecraft:netherite_boots":4,"runes:frost_stone":66,"paladins:netherite_holy_staff":2,"minecraft:emerald":369,"minecraft:cooked_porkchop":56,"minecraft:diamond_axe":3,"minecraft:copper_ingot":128,"minecraft:fletching_table":7,"ecologics:coconut_stairs":60,"minecraft:iron_pickaxe":2,"minecraft:gold_ingot":44,"jewelry:citrine_necklace":1,"minecraft:netherite_ingot":2,"minecraft:stone_shovel":1,"minecraft:iron_nugget":18,"ecologics:coconut_planks":1116,"ecologics:coconut_door":3,"minecraft:bone_meal":222,"fwaystones:waystone":1,"minecraft:ladder":81,"minecraft:stone_pickaxe":1,"minecraft:spruce_boat":1,"ecologics:coconut_boat":3,"minecraft:wheat":369,"paladins:iron_kite_shield":1,"wizards:wand_frost":1,"minecraft:acacia_trapdoor":6,"minecraft:red_bed":1,"minecraft:enchanted_book":1,"minecraft:iron_shovel":1,"minecraft:iron_leggings":2,"spell_engine:spell_binding":1,"minecraft:oak_planks":188,"minecraft:stone":13,"runes:healing_stone":216,"minecraft:iron_boots":3,"archers:mechanic_shortbow":1,"minecraft:chest":19,"rogues:warrior_armor_legs":1,"minecraft:netherite_upgrade_smithing_template":6,"minecraft:smoker":2,"minecraft:arrow":128,"minecraft:crafting_table":9,"minecraft:spruce_planks":4596,"minecraft:iron_helmet":2,"minecraft:wooden_pickaxe":1,"minecraft:baked_potato":14,"minecraft:birch_planks":44,"farmersdelight:cutting_board":1,"minecraft:iron_chestplate":1,"minecraft:charcoal":25,"minecraft:diamond_pickaxe":2,"minecraft:stick":12540,"ecologics:coconut_trapdoor":2,"runes:crafting_altar":1,"minecraft:iron_ingot":237,"minecraft:stone_sword":1,"minecraft:snow_block":43,"paladins:holy_staff":1,"minecraft:shears":2,"rogues:warrior_armor_chest":1,"minecraft:netherite_sword":2,"minecraft:furnace":14,"minecraft:glass_pane":64,"minecraft:flint_and_steel":1,"minecraft:iron_axe":1,"minecraft:iron_hoe":1,"ecologics:coconut_slab":6,"paladins:priest_robe_legs":1,"bagofholding:leather_bag_of_holding":1,"minecraft:netherite_scrap":6,"minecraft:cooked_beef":19,"minecraft:bucket":1,"paladins:diamond_holy_staff":1,"minecraft:stone_axe":1,"minecraft:air":0,"minecraft:acacia_boat":2,"minecraft:bread":117,"bagofholding:iron_bag_of_holding":1,"minecraft:white_wool":2,"minecraft:gold_nugget":207,"paladins:priest_robe_feet":1,"minecraft:acacia_planks":2408,"minecraft:torch":116},"minecraft:used":{"minecells:sewers_tentacle_spawn_egg":1,"minecraft:chest":60,"minecraft:stone":64,"ecologics:coconut_planks":518,"betternether:cincinnasite_sword":324,"paladins:holy_staff":346,"minecraft:spruce_boat":2,"minecraft:lava_bucket":2,"minecells:hattoris_katana":2,"minecells:balanced_blade":57,"betternether:cincinnasite_bars":1,"minecraft:furnace":15,"minecraft:cooked_cod":2,"minecraft:acacia_fence":22,"minecraft:egg":2,"minecraft:mossy_stone_bricks":1,"minecraft:acacia_trapdoor":12,"minecraft:leather_chestplate":3,"minecraft:wooden_pickaxe":12,"minecells:disgusting_worm_spawn_egg":1,"minecraft:dark_oak_trapdoor":1,"minecraft:sand":516,"rogues:diamond_dagger":13,"minecraft:blast_furnace":30,"paladins:ruby_holy_staff":11,"minecraft:lectern":315,"graveyard:ghoul_spawn_egg":1,"minecraft:diamond_sword":30,"minecraft:wooden_sword":54,"minecraft:smithing_table":2,"minecraft:birch_log":1,"minecraft:stripped_acacia_wood":1,"minecraft:stone_sword":56,"minecraft:acacia_log":6,"minecraft:enchanting_table":7,"betterend:flavolite":137,"minecraft:cooked_salmon":7,"minecraft:netherrack":268,"minecraft:torch":384,"minecraft:brewing_stand":2,"minecells:protector_spawn_egg":1,"ecologics:coconut_slab":4,"minecraft:iron_axe":264,"minecells:blood_sword":5,"betterend:endstone_dust":3,"ecologics:coconut_boat":8,"duckling:duck_egg":2,"paladins:aeternium_claymore":40,"ecologics:coconut_seedling":57,"minecraft:cobbled_deepslate":15,"minecraft:acacia_planks":882,"minecraft:water_bucket":94,"minecraft:birch_planks":20,"minecraft:fletching_table":40,"minecells:scorpion_spawn_egg":1,"minecells:sweeper_spawn_egg":1,"minecells:runner_spawn_egg":1,"minecraft:crafting_table":16,"minecraft:red_bed":10,"supplementaries:bomb":1,"paladins:iron_mace":5,"minecraft:spruce_log":1,"minecells:grenadier_spawn_egg":1,"minecraft:diamond_pickaxe":1209,"minecraft:diamond_shovel":405,"runes:crafting_altar":2,"minecraft:iron_pickaxe":502,"minecells:kamikaze_spawn_egg":2,"minecraft:spruce_sapling":63,"betternether:cincinnasite_forge":3,"minecraft:cobblestone":261,"illagerinvasion:platinum_infused_hatchet":2,"minecraft:cooked_porkchop":52,"rogues:netherite_double_axe":1,"minecraft:glass_pane":50,"archers:netherite_spear":1,"fwaystones:waystone":1,"minecraft:iron_shovel":250,"minecells:shocker_spawn_egg":1,"minecells:cursed_sword":31,"minecraft:shield":48,"graveyard:reaper_spawn_egg":1,"minecraft:iron_chestplate":2,"minecraft:mutton":1,"minecells:buzzcutter_spawn_egg":1,"minecraft:jungle_planks":2,"betternether:flaming_ruby_sword":53,"minecraft:obsidian":63,"bagofholding:golden_bag_of_holding":1,"paladins:iron_claymore":223,"farmersdelight:cutting_board":1,"archers:mechanic_shortbow":121,"minecraft:hay_block":1,"rogues:iron_glaive":60,"bagofholding:leather_bag_of_holding":32,"endermanoverhaul:corrupted_shield":15,"minecraft:stone_pickaxe":131,"paladins:diamond_holy_staff":148,"minecraft:oak_planks":36,"minecraft:sandstone":11,"paladins:diamond_claymore":1,"wizards:wand_frost":5,"spell_engine:spell_binding":8,"minecraft:diamond_axe":3056,"archers:crystal_shortbow":94,"minecraft:white_wool":1,"rogues:iron_sickle":95,"minecraft:crossbow":2,"paladins:iron_kite_shield":36,"minecraft:shears":1,"minecraft:bread":181,"betternether:spawn_egg_skull":1,"minecraft:gravel":13,"ecologics:coconut_slice":36,"minecraft:grindstone":2,"minecells:inquisitor_spawn_egg":1,"minecraft:coarse_dirt":9,"minecraft:bone_meal":57,"minecraft:experience_bottle":21,"minecells:rancid_rat_spawn_egg":1,"archers:crystal_longbow":33,"minecraft:flint_and_steel":1,"minecraft:stone_shovel":134,"bagofholding:iron_bag_of_holding":70,"minecraft:spruce_planks":151,"minecells:undead_archer_spawn_egg":1,"minecraft:dirt":103,"fwaystones:blackstone_brick_waystone":2,"minecraft:granite":37,"ecologics:coconut_door":1,"minecraft:iron_hoe":27,"minecraft:bookshelf":108,"minecraft:acacia_slab":314,"minecraft:iron_boots":1,"minecells:leaping_zombie_spawn_egg":1,"archers:ruby_heavy_crossbow":2,"minecraft:golden_carrot":1,"minecraft:stone_pressure_plate":1,"minecraft:cooked_beef":20,"minecraft:light_gray_bed":1,"minecells:shieldbearer_spawn_egg":1,"minecraft:cooked_mutton":1,"minecraft:acacia_boat":2,"minecraft:baked_potato":33,"minecells:mutated_bat_spawn_egg":4,"bosses_of_mass_destruction:soul_star":2,"minecraft:smoker":4,"betternether:nether_ruby_sword":16,"minecraft:stone_axe":147,"ecologics:coconut_log":82,"minecraft:bucket":94,"minecraft:purple_carpet":1},"minecraft:killed_by":{"minecraft:pillager":4,"minecraft:vindicator":9,"minecraft:zombie":2,"minecraft:husk":1,"bosses_of_mass_destruction:gauntlet":2,"illagerinvasion:inquisitor":1,"minecraft:ghast":1,"minecraft:zombified_piglin":2,"minecraft:wither_skeleton":10,"creeperoverhaul:ocean_creeper":1,"minecraft:piglin":3,"minecraft:player":2,"minecraft:enderman":1,"minecraft:hoglin":4,"minecraft:skeleton":5,"minecraft:phantom":1,"illagerinvasion:provoker":2},"minecraft:killed":{"betternether:skull":1,"minecells:sweeper":1,"naturalist:boar":14,"illagerinvasion:basher":1,"minecraft:skeleton":39,"bosses_of_mass_destruction:gauntlet":1,"minecraft:chicken":2,"ecologics:coconut_crab":4,"minecells:sewers_tentacle":1,"minecells:protector":1,"minecraft:tropical_fish":2,"minecraft:magma_cube":1,"minecraft:pillager":23,"minecraft:goat":3,"minecraft:zombie":43,"minecells:shieldbearer":1,"minecells:inquisitor":1,"minecraft:cow":8,"minecells:mutated_bat":4,"minecraft:vindicator":8,"illagerinvasion:marauder":2,"creeperoverhaul:snowy_creeper":2,"minecraft:horse":3,"naturalist:giraffe":2,"minecraft:husk":7,"graveyard:ghoul":2,"naturalist:bear":1,"minecells:rancid_rat":1,"naturalist:lizard":1,"creeperoverhaul:savannah_creeper":3,"minecells:buzzcutter":1,"minecraft:enderman":1,"naturalist:zebra":1,"minecraft:zombified_piglin":3,"minecraft:spider":13,"illagerinvasion:provoker":4,"minecraft:silverfish":4,"minecells:leaping_zombie":1,"illagerinvasion:inquisitor":3,"minecraft:piglin":10,"minecraft:pig":8,"minecraft:zombie_villager":3,"minecells:scorpion":1,"minecraft:sheep":9,"minecraft:stray":4,"minecraft:slime":15,"minecraft:phantom":1,"minecraft:drowned":2,"bosses_of_mass_destruction:lich":1,"minecells:runner":1,"duckling:duck":4,"minecraft:hoglin":44,"minecraft:wither_skeleton":93,"minecraft:player":2,"minecraft:villager":2}},"DataVersion":3465}