{"stats":{"minecraft:killed":{"minecraft:pig":7,"naturalist:bear":1,"minecraft:vindicator":1,"minecraft:spider":1,"naturalist:boar":4,"minecraft:sheep":4,"minecraft:skeleton":5,"minecraft:pillager":5,"minecraft:zombie":10,"naturalist:lizard":1,"minecraft:cow":2},"minecraft:picked_up":{"minecraft:birch_log":12,"minecraft:crafting_table":3,"minecraft:brown_mushroom":2,"minecraft:leather":6,"rogues:iron_glaive":1,"minecraft:oak_log":55,"minecraft:dirt":53,"minecraft:red_bed":2,"minecraft:bone":5,"minecraft:bow":1,"minecraft:spruce_planks":12,"minecraft:beef":5,"minecraft:birch_sapling":3,"duckling:duck_egg":1,"minecraft:egg":1,"minecraft:furnace":2,"minecraft:stick":25,"minecraft:raw_iron":14,"minecraft:acacia_log":5,"minecraft:gravel":2,"minecraft:porkchop":23,"minecraft:spruce_sapling":6,"minecraft:spruce_log":40,"minecraft:arrow":6,"minecraft:rotten_flesh":10,"minecraft:emerald":1,"minecraft:oak_sapling":27,"minecraft:mutton":4,"minecraft:coal":20,"minecraft:white_wool":3,"minecraft:cobblestone":57,"rogues:ruby_glaive":1},"minecraft:custom":{"minecraft:interact_with_furnace":29,"minecraft:mob_kills":41,"minecraft:interact_with_crafting_table":17,"minecraft:leave_game":3,"minecraft:time_since_death":6164,"minecraft:sleep_in_bed":2,"minecraft:time_since_rest":4133,"minecraft:sprint_one_cm":183482,"minecraft:damage_taken":3027,"minecraft:walk_one_cm":143421,"minecraft:damage_blocked_by_shield":2820,"minecraft:drop":21,"minecraft:damage_dealt":9962,"minecraft:talked_to_villager":1,"minecraft:swim_one_cm":597,"minecraft:fly_one_cm":395820,"minecraft:open_chest":26,"minecraft:crouch_one_cm":9591,"minecraft:play_time":78723,"minecraft:deaths":5,"minecraft:sneak_time":3634,"minecraft:walk_under_water_one_cm":3741,"minecraft:jump":1367,"minecraft:walk_on_water_one_cm":2497,"minecraft:total_world_time":78723,"minecraft:fall_one_cm":38852},"minecraft:broken":{"minecraft:stone_axe":1},"minecraft:crafted":{"minecraft:cooked_beef":5,"minecraft:oak_planks":4,"paladins:iron_kite_shield":1,"minecraft:stone_shovel":1,"minecraft:cooked_porkchop":23,"minecraft:crafting_table":1,"minecraft:spruce_planks":168,"minecraft:wooden_pickaxe":1,"minecraft:furnace":2,"minecraft:birch_planks":44,"minecraft:stone_axe":1,"minecraft:cooked_mutton":1,"minecraft:air":0,"rogues:iron_glaive":2,"minecraft:iron_axe":1,"minecraft:stick":16,"minecraft:iron_ingot":14,"minecraft:stone_pickaxe":1,"minecraft:stone_sword":1,"minecraft:acacia_planks":20,"minecraft:torch":12},"minecraft:killed_by":{"minecraft:vindicator":1,"minecraft:zombie":2,"minecraft:pillager":2},"minecraft:used":{"minecraft:stone_sword":56,"minecraft:birch_planks":20,"minecraft:stone_shovel":9,"minecraft:stone_pickaxe":77,"betterend:flavolite":137,"minecraft:spruce_planks":39,"minecraft:shield":14,"minecraft:wooden_pickaxe":12,"paladins:diamond_claymore":1,"minecraft:torch":3,"minecraft:dirt":9,"minecraft:mutton":1,"minecraft:crafting_table":4,"minecraft:red_bed":2,"rogues:diamond_dagger":13,"paladins:iron_kite_shield":36,"minecraft:iron_axe":16,"minecraft:bread":9,"paladins:iron_claymore":23,"betterend:endstone_dust":3,"minecraft:gravel":2,"minecraft:stone_axe":140,"minecraft:wooden_sword":54,"minecraft:cobblestone":31,"rogues:iron_glaive":60,"duckling:duck_egg":1,"minecraft:furnace":4,"minecraft:cooked_porkchop":17,"rogues:netherite_double_axe":1,"minecraft:birch_log":1},"minecraft:dropped":{"minecraft:brown_mushroom":2,"minecraft:oak_log":27,"minecraft:cooked_porkchop":6,"minecraft:birch_sapling":3,"minecraft:cobblestone":1,"minecraft:rotten_flesh":6,"rogues:iron_glaive":2,"minecraft:dirt":40,"minecraft:mutton":1,"rogues:ruby_glaive":1,"minecraft:wooden_sword":1},"minecraft:mined":{"minecraft:spruce_planks":16,"minecraft:brown_mushroom":1,"minecraft:red_bed":2,"minecraft:crafting_table":3,"minecraft:acacia_log":5,"minecraft:grass_block":13,"minecraft:furnace":2,"minecraft:birch_log":16,"minecraft:iron_ore":14,"minecraft:spruce_log":59,"minecraft:grass":3,"minecraft:oak_log":56,"minecraft:coal_ore":20,"minecraft:dirt":11,"minecraft:stone":53,"minecraft:fern":1}},"DataVersion":3465}