{"stats":{"minecraft:killed":{"minecraft:sheep":4,"minecraft:chicken":1,"naturalist:snake":1,"naturalist:lizard_tail":1,"naturalist:robin":1,"minecraft:cow":1},"minecraft:picked_up":{"minecraft:birch_log":14,"minecraft:raw_iron":1,"minecraft:stick":4,"minecraft:crafting_table":1,"minecraft:feather":2,"minecraft:chicken":1,"minecraft:cooked_porkchop":6,"minecraft:brown_wool":1,"minecraft:brown_mushroom":2,"rogues:iron_glaive":1,"minecraft:oak_log":11,"minecraft:spruce_log":1,"naturalist:lizard_tail":1,"minecraft:string":3,"minecraft:dirt":32,"minecraft:raw_copper":3,"minecraft:apple":2,"minecraft:wheat_seeds":2,"minecraft:beef":3,"minecraft:light_gray_wool":1,"minecraft:oak_sapling":2,"minecraft:mutton":8,"minecraft:birch_sapling":3,"minecraft:white_wool":3,"minecraft:cobblestone":14,"minecraft:egg":1},"minecraft:custom":{"minecraft:time_since_rest":4973,"minecraft:sprint_one_cm":101867,"minecraft:damage_taken":1391,"minecraft:walk_one_cm":80052,"minecraft:mob_kills":9,"minecraft:drop":1,"minecraft:damage_dealt":1267,"minecraft:swim_one_cm":9832,"minecraft:interact_with_crafting_table":8,"minecraft:fly_one_cm":134220,"minecraft:open_chest":14,"minecraft:crouch_one_cm":1750,"minecraft:play_time":32745,"minecraft:deaths":3,"minecraft:walk_under_water_one_cm":5529,"minecraft:sneak_time":919,"minecraft:jump":876,"minecraft:leave_game":1,"minecraft:time_since_death":21865,"minecraft:walk_on_water_one_cm":6655,"minecraft:sleep_in_bed":2,"minecraft:total_world_time":32745,"minecraft:fall_one_cm":13390},"minecraft:crafted":{"minecraft:oak_planks":12,"minecraft:crafting_table":1,"minecraft:spruce_planks":4,"minecraft:stick":12,"minecraft:wooden_pickaxe":1,"minecraft:stone_pickaxe":1,"minecraft:wooden_axe":1,"minecraft:stone_sword":1,"minecraft:stone_axe":1},"minecraft:killed_by":{"minecraft:skeleton":3},"minecraft:used":{"minecraft:wooden_axe":19,"minecraft:bread":10,"minecraft:stone_pickaxe":9,"minecraft:wooden_pickaxe":8,"minecraft:wooden_sword":13,"minecraft:dirt":25,"minecraft:crafting_table":1,"rogues:iron_glaive":20,"minecraft:cooked_porkchop":2},"minecraft:dropped":{"minecraft:brown_mushroom":1},"minecraft:mined":{"minecraft:brown_mushroom":1,"minecraft:iron_ore":1,"minecraft:birch_log":10,"minecraft:crafting_table":1,"minecraft:grass":1,"minecraft:grass_block":2,"minecraft:oak_log":11,"minecraft:dirt":10,"minecraft:copper_ore":1,"minecraft:cobblestone":12,"minecraft:stone":3,"minecraft:oak_leaves":4,"minecraft:fern":1}},"DataVersion":3465}