{"stats":{"minecraft:killed":{"minecraft:vindicator":4,"naturalist:robin":1,"naturalist:coral_snake":1,"minecraft:skeleton":3,"minecraft:chicken":1,"illagerinvasion:provoker":1,"naturalist:snake":1,"naturalist:lizard_tail":1,"minecraft:sheep":4,"minecraft:pillager":4,"minecraft:zombie":8,"minecraft:cow":1},"minecraft:picked_up":{"minecraft:wooden_axe":1,"minecraft:cocoa_beans":2,"minecraft:crafting_table":2,"minecraft:iron_chestplate":1,"wizards:wand_fire":1,"illagerinvasion:platinum_chunk":1,"minecraft:chicken":1,"minecraft:ladder":2,"minecraft:brown_mushroom":4,"rogues:iron_glaive":1,"minecraft:wooden_pickaxe":1,"minecraft:string":3,"minecraft:red_bed":4,"minecraft:raw_copper":3,"minecraft:gold_nugget":4,"minecraft:spruce_planks":51,"minecraft:beef":3,"minecraft:light_gray_wool":1,"minecraft:melon_slice":6,"minecraft:chest":1,"minecraft:birch_sapling":6,"farmersdelight:cabbage_seeds":1,"minecraft:egg":4,"minecraft:raw_iron":1,"minecraft:stick":94,"wizards:fire_spell_book":3,"farmersdelight:tomato_seeds":6,"minecraft:purple_terracotta":1,"minecraft:arrow":10,"minecraft:rotten_flesh":16,"minecraft:beetroot_seeds":4,"minecraft:decorated_pot":1,"minecraft:gold_ingot":9,"minecraft:mutton":8,"minecraft:white_wool":3,"minecraft:cobblestone":19,"minecraft:birch_log":14,"minecraft:feather":4,"minecraft:brown_wool":1,"minecraft:oak_log":45,"naturalist:lizard_tail":1,"minecraft:dirt":39,"minecraft:lantern":1,"minecraft:cooked_mutton":9,"minecraft:bone":4,"minecraft:apple":2,"minecraft:wheat_seeds":4,"minecraft:iron_ingot":1,"jewelry:ruby_ring":1,"minecraft:oak_planks":8,"minecraft:book":108,"minecraft:cooked_porkchop":6,"paladins:prior_robe_chest":1,"minecraft:gravel":1,"minecraft:spruce_sapling":9,"minecraft:spruce_log":140,"minecraft:pumpkin_seeds":3,"minecraft:bread":10,"minecraft:emerald":2,"minecraft:oak_sapling":2,"minecraft:melon_seeds":1},"minecraft:custom":{"minecraft:mob_kills":33,"minecraft:animals_bred":1,"minecraft:interact_with_crafting_table":19,"minecraft:open_barrel":21,"minecraft:leave_game":2,"minecraft:time_since_death":27589,"minecraft:climb_one_cm":4288,"minecraft:sprint_one_cm":483919,"minecraft:walk_one_cm":379403,"minecraft:damage_blocked_by_shield":780,"minecraft:drop":40,"minecraft:talked_to_villager":1,"minecraft:play_time":154583,"minecraft:deaths":35,"minecraft:sneak_time":4738,"minecraft:walk_under_water_one_cm":6309,"minecraft:jump":3301,"minecraft:walk_on_water_one_cm":10705,"minecraft:total_world_time":154583,"minecraft:interact_with_furnace":2,"minecraft:sleep_in_bed":13,"minecraft:time_since_rest":8498,"minecraft:damage_taken":12967,"minecraft:damage_absorbed":80,"minecraft:damage_dealt":7345,"minecraft:swim_one_cm":11396,"minecraft:fly_one_cm":618779,"minecraft:open_chest":117,"minecraft:crouch_one_cm":10245,"minecraft:fall_one_cm":69313},"minecraft:broken":{"minecraft:stone_axe":1,"minecraft:iron_helmet":1},"minecraft:crafted":{"minecraft:oak_planks":180,"minecraft:stone_pickaxe":1,"minecraft:chest":5,"minecraft:crafting_table":1,"minecraft:spruce_planks":196,"minecraft:wooden_pickaxe":1,"runes:fire_stone":10,"paladins:iron_claymore":1,"minecraft:birch_planks":56,"minecraft:stone_axe":1,"minecraft:iron_chestplate":1,"minecraft:shield":1,"minecraft:stick":12,"minecraft:wooden_axe":1,"minecraft:stone_sword":1,"wizards:wand_fire":1},"minecraft:killed_by":{"minecraft:player":1,"illagerinvasion:basher":1,"minecraft:pillager":5,"minecraft:vindicator":15,"illagerinvasion:inquisitor":1,"minecraft:skeleton":6,"illagerinvasion:marauder":1,"illagerinvasion:provoker":1,"minecraft:illusioner":4},"minecraft:used":{"minecraft:chest":6,"minecraft:spruce_planks":59,"minecraft:shield":12,"minecraft:iron_chestplate":1,"minecraft:dirt":27,"rogues:iron_dagger":2,"minecraft:wooden_axe":19,"paladins:iron_claymore":45,"rogues:iron_glaive":63,"minecraft:egg":1,"minecraft:cooked_mutton":5,"minecraft:birch_planks":2,"minecraft:stone_pickaxe":9,"minecraft:oak_planks":146,"minecraft:wooden_pickaxe":8,"minecraft:golden_apple":2,"minecraft:crafting_table":2,"minecraft:red_bed":4,"rogues:iron_sickle":3,"minecraft:crossbow":7,"minecraft:apple":3,"minecraft:bread":32,"minecraft:melon_slice":4,"minecraft:iron_pickaxe":6,"wizards:wand_fire":1,"paladins:iron_great_hammer":10,"minecraft:stone_axe":133,"minecraft:wooden_sword":13,"minecraft:cooked_porkchop":6},"minecraft:dropped":{"minecraft:iron_ingot":1,"minecraft:brown_mushroom":2,"minecraft:feather":2,"minecraft:book":1,"minecraft:lantern":1,"minecraft:golden_apple":3,"minecraft:stick":96,"minecraft:dirt":1,"minecraft:wooden_axe":1,"minecraft:gold_nugget":4,"minecraft:gravel":1,"paladins:prior_robe_chest":1,"minecraft:birch_sapling":3,"minecraft:rotten_flesh":7,"minecraft:oak_planks":3,"wizards:wand_fire":1,"minecraft:rabbit_foot":1,"minecraft:filled_map":1,"minecraft:iron_chestplate":1,"minecraft:spruce_log":10,"minecraft:iron_bars":1,"minecraft:arrow":2,"minecraft:wooden_pickaxe":1,"wizards:fire_spell_book":3,"minecraft:egg":1},"minecraft:mined":{"minecraft:spruce_planks":1,"minecraft:ladder":1,"minecraft:grass_block":4,"minecraft:decorated_pot":1,"minecraft:spruce_leaves":12,"minecraft:iron_ore":1,"minecraft:bookshelf":14,"minecraft:stone":9,"minecraft:brown_mushroom":1,"minecraft:red_bed":3,"minecraft:crafting_table":2,"minecraft:melon":2,"minecraft:chest":1,"minecraft:copper_ore":1,"minecraft:tall_grass":2,"minecraft:cobblestone":12,"minecraft:oak_planks":9,"minecraft:birch_log":10,"minecraft:spruce_log":113,"minecraft:grass":2,"minecraft:oak_log":11,"minecraft:gravel":8,"minecraft:dirt":10,"minecraft:oak_leaves":4,"minecraft:fern":1}},"DataVersion":3465}