{"stats":{"minecraft:dropped":{"minecraft:iron_sword":6,"farmersdelight:iron_knife":1,"minecraft:iron_ingot":17,"minecraft:porkchop":21,"minecraft:brown_mushroom":2,"minecraft:baked_potato":48,"minecraft:golden_horse_armor":3,"minecraft:cookie":34,"minecraft:feather":2,"minecraft:cobblestone":3,"minecraft:warped_roots":2,"minecraft:book":1,"minecraft:spectral_arrow":2,"minecraft:lantern":1,"minecraft:leather":12,"minecraft:apple":192,"minecraft:leather_helmet":4,"minecraft:golden_apple":3,"minecraft:stick":96,"minecraft:dirt":3,"minecraft:cornflower":2,"minecraft:wooden_axe":1,"minecraft:brown_wool":2,"farmersdelight:onion":16,"minecraft:gold_nugget":4,"minecraft:string":17,"minecraft:dark_oak_planks":4,"minecraft:white_wool":22,"minecraft:gold_ingot":30,"farmersdelight:mutton_chops":42,"minecraft:bone":25,"minecraft:gravel":1,"minecraft:sweet_berries":6,"minecraft:cocoa_beans":8,"paladins:prior_robe_chest":1,"minecraft:wheat":144,"minecraft:birch_sapling":3,"minecraft:rotten_flesh":11,"minecraft:iron_boots":2,"minecraft:oak_planks":66,"wizards:wand_fire":1,"minecraft:cooked_mutton":12,"minecraft:carrot":54,"minecraft:pumpkin_seeds":6,"minecraft:rabbit_foot":1,"minecraft:lily_of_the_valley":1,"minecraft:filled_map":1,"supplementaries:flax_seeds":6,"minecraft:gunpowder":72,"minecraft:spruce_planks":184,"minecraft:iron_chestplate":2,"ecologics:coconut_husk":1,"minecraft:leather_leggings":3,"minecraft:spider_eye":2,"minecraft:bamboo":8,"minecraft:spruce_log":55,"minecraft:iron_bars":1,"minecraft:arrow":4,"minecraft:bow":2,"minecraft:wooden_pickaxe":1,"farmersdelight:ham":2,"wizards:fire_spell_book":3,"minecraft:egg":1},"minecraft:broken":{"minecraft:stone_axe":1,"minecraft:iron_helmet":1},"minecraft:killed_by":{"minecraft:player":1,"illagerinvasion:basher":1,"minecraft:pillager":5,"minecraft:vindicator":15,"illagerinvasion:inquisitor":1,"minecraft:skeleton":7,"illagerinvasion:marauder":1,"illagerinvasion:provoker":1,"minecraft:illusioner":4},"minecraft:used":{"minecraft:spruce_slab":1,"bagofholding:iron_bag_of_holding":17,"minecraft:chest":6,"minecraft:spruce_planks":68,"minecraft:shield":23,"rogues:stone_double_axe":5,"minecraft:iron_chestplate":1,"minecraft:dirt":56,"rogues:iron_dagger":10,"minecraft:wooden_axe":19,"minecraft:iron_axe":7,"paladins:iron_claymore":77,"minecraft:dark_oak_slab":1,"rogues:iron_glaive":83,"minecraft:egg":1,"bagofholding:leather_bag_of_holding":17,"minecraft:cooked_mutton":17,"minecraft:water_bucket":3,"minecraft:birch_planks":2,"minecraft:stone_pickaxe":9,"minecraft:baked_potato":2,"minecraft:oak_planks":146,"minecraft:wooden_pickaxe":8,"minecraft:golden_apple":3,"minecraft:crafting_table":6,"minecraft:red_bed":8,"rogues:iron_sickle":3,"minecraft:crossbow":7,"minecraft:apple":3,"minecraft:melon_slice":4,"minecraft:bread":35,"minecraft:suspicious_stew":1,"minecraft:iron_pickaxe":53,"wizards:wand_fire":2,"farmersdelight:ham":1,"paladins:iron_great_hammer":10,"minecraft:stone_axe":133,"minecraft:wooden_sword":13,"minecraft:cobblestone":3,"minecraft:cooked_porkchop":6,"minecraft:bucket":3,"minecraft:oak_boat":3},"minecraft:mined":{"minecraft:dark_oak_planks":1,"minecraft:large_amethyst_bud":1,"minecraft:spruce_planks":1,"minecraft:ladder":1,"minecraft:grass_block":28,"minecraft:decorated_pot":1,"minecraft:stripped_jungle_wood":1,"minecraft:spruce_leaves":12,"minecraft:iron_ore":1,"minecraft:acacia_wood":1,"minecraft:target":1,"minecraft:stripped_dark_oak_wood":2,"minecraft:bookshelf":14,"minecraft:iron_bars":2,"minecraft:small_amethyst_bud":2,"minecraft:stone":15,"minecraft:spruce_slab":1,"minecraft:brown_mushroom":1,"minecraft:red_bed":8,"minecraft:crafting_table":2,"minecraft:melon":2,"minecraft:chest":1,"minecraft:tall_grass":2,"minecraft:copper_ore":1,"minecraft:cobblestone":12,"minecraft:oak_planks":9,"minecraft:dark_oak_slab":3,"minecraft:birch_log":10,"minecraft:spruce_log":113,"minecraft:tnt":1,"minecraft:grass":9,"minecraft:coal_ore":34,"minecraft:oak_log":17,"minecraft:gravel":29,"minecraft:dirt":19,"minecraft:oak_leaves":4,"minecraft:fern":1},"minecraft:killed":{"minecraft:spider":6,"minecraft:vindicator":4,"naturalist:robin":1,"naturalist:coral_snake":1,"minecraft:skeleton":5,"minecraft:chicken":1,"illagerinvasion:provoker":1,"ecologics:coconut_crab":2,"naturalist:snake":1,"naturalist:lizard_tail":1,"minecraft:sheep":15,"minecraft:pillager":4,"minecraft:donkey":1,"minecraft:zombie":10,"minecraft:cow":1},"minecraft:crafted":{"minecraft:oak_planks":204,"minecraft:cooked_mutton":15,"minecraft:stone_pickaxe":1,"minecraft:chest":6,"bagofholding:leather_bag_of_holding":2,"minecraft:dark_oak_planks":8,"minecraft:crafting_table":5,"minecraft:spruce_planks":208,"minecraft:wooden_pickaxe":1,"runes:fire_stone":10,"paladins:iron_claymore":1,"minecraft:birch_planks":56,"minecraft:stone_axe":1,"minecraft:bread":16,"minecraft:air":0,"minecraft:oak_boat":2,"bagofholding:iron_bag_of_holding":1,"minecraft:iron_chestplate":1,"minecraft:charcoal":8,"minecraft:shield":1,"minecraft:stick":16,"minecraft:iron_pickaxe":1,"minecraft:wooden_axe":1,"minecraft:stone_sword":1,"wizards:wand_fire":1},"minecraft:picked_up":{"minecraft:wooden_axe":1,"minecraft:cocoa_beans":10,"minecraft:iron_chestplate":3,"minecraft:crafting_table":2,"minecraft:wheat":192,"archers:flint_spear":1,"minecraft:ladder":2,"wizards:wand_fire":1,"illagerinvasion:platinum_chunk":1,"minecraft:chicken":1,"minecraft:leather_leggings":5,"minecraft:brown_mushroom":4,"rogues:iron_glaive":1,"minecraft:wooden_pickaxe":1,"minecraft:potion":1,"minecraft:cornflower":2,"supplementaries:globe":1,"minecraft:string":24,"minecraft:red_bed":9,"minecraft:raw_copper":3,"minecraft:gold_nugget":4,"minecraft:spruce_planks":212,"minecraft:beef":3,"minecraft:oak_boat":1,"rogues:rogue_armor_legs":1,"minecraft:iron_pickaxe":1,"minecraft:spruce_slab":1,"minecraft:light_gray_wool":1,"minecraft:melon_slice":6,"minecraft:chest":1,"minecraft:birch_sapling":6,"farmersdelight:cabbage_seeds":1,"minecraft:iron_boots":3,"minecraft:egg":4,"minecraft:stick":94,"minecraft:raw_iron":1,"wizards:fire_spell_book":3,"minecraft:porkchop":21,"minecraft:target":1,"farmersdelight:tomato_seeds":6,"minecraft:cookie":68,"minecraft:carrot":81,"minecraft:purple_terracotta":1,"minecraft:dark_oak_planks":6,"minecraft:tnt":1,"minecraft:arrow":12,"minecraft:rotten_flesh":20,"minecraft:decorated_pot":1,"minecraft:beetroot_seeds":4,"farmersdelight:onion":16,"paladins:priest_robe_head":1,"minecraft:stripped_dark_oak_wood":2,"minecraft:gold_ingot":39,"minecraft:mutton":23,"minecraft:iron_bars":2,"minecraft:white_wool":30,"minecraft:cobblestone":25,"rogues:stone_double_axe":1,"minecraft:birch_log":14,"minecraft:feather":4,"jewelry:gold_ring":1,"minecraft:water_bucket":1,"minecraft:leather":9,"minecraft:brown_wool":3,"minecraft:acacia_wood":1,"minecraft:flint":1,"minecraft:oak_log":51,"supplementaries:flax_seeds":9,"minecraft:gunpowder":72,"naturalist:lizard_tail":1,"minecraft:lantern":1,"minecraft:dirt":73,"farmersdelight:mutton_chops":42,"minecraft:cooked_mutton":21,"minecraft:bone":26,"farmersdelight:iron_knife":1,"minecraft:apple":242,"minecraft:kelp":3,"minecraft:bow":1,"minecraft:wheat_seeds":5,"paladins:acolyte_wand":1,"minecraft:iron_ingot":36,"jewelry:ruby_ring":1,"minecraft:bamboo":12,"minecraft:iron_sword":5,"minecraft:oak_planks":50,"minecraft:book":108,"minecraft:dark_oak_slab":1,"minecraft:sweet_berries":6,"minecraft:cooked_porkchop":6,"paladins:prior_robe_chest":1,"minecraft:gravel":19,"ecologics:coconut_husk":1,"minecraft:spruce_sapling":9,"minecraft:spruce_log":185,"minecraft:lily_of_the_valley":2,"farmersdelight:ham":3,"minecraft:spectral_arrow":1,"minecraft:spider_eye":2,"minecraft:leather_helmet":6,"minecraft:pumpkin_seeds":9,"minecraft:stripped_jungle_wood":1,"minecraft:crossbow":1,"minecraft:golden_horse_armor":4,"minecraft:warped_roots":2,"minecraft:emerald":24,"minecraft:bread":58,"minecraft:baked_potato":48,"minecraft:oak_sapling":2,"minecraft:melon_seeds":1,"minecraft:coal":34},"minecraft:custom":{"minecraft:mob_kills":57,"minecraft:animals_bred":1,"minecraft:interact_with_crafting_table":37,"minecraft:open_barrel":70,"minecraft:leave_game":2,"minecraft:time_since_death":56488,"minecraft:climb_one_cm":5927,"minecraft:sprint_one_cm":690556,"minecraft:walk_one_cm":567955,"minecraft:damage_blocked_by_shield":1470,"minecraft:drop":179,"minecraft:talked_to_villager":5,"minecraft:play_time":254321,"minecraft:deaths":37,"minecraft:sneak_time":6833,"minecraft:walk_under_water_one_cm":18754,"minecraft:boat_one_cm":266110,"minecraft:jump":5115,"minecraft:interact_with_brewingstand":2,"minecraft:walk_on_water_one_cm":30987,"minecraft:total_world_time":254321,"minecraft:interact_with_furnace":14,"minecraft:sleep_in_bed":23,"minecraft:time_since_rest":3527,"minecraft:damage_taken":14351,"minecraft:damage_absorbed":121,"minecraft:damage_dealt":10666,"minecraft:swim_one_cm":86112,"minecraft:fly_one_cm":989314,"minecraft:open_chest":188,"minecraft:crouch_one_cm":14972,"minecraft:fall_one_cm":119476}},"DataVersion":3465}