{"stats":{"minecraft:killed":{"naturalist:snake":1,"naturalist:lizard_tail":1,"minecraft:vindicator":4,"naturalist:robin":1,"minecraft:sheep":4,"minecraft:pillager":2,"minecraft:chicken":1,"minecraft:cow":1},"minecraft:picked_up":{"minecraft:wooden_axe":1,"minecraft:birch_log":14,"minecraft:cocoa_beans":2,"minecraft:iron_chestplate":1,"minecraft:crafting_table":2,"illagerinvasion:platinum_chunk":1,"minecraft:feather":4,"minecraft:ladder":1,"minecraft:chicken":1,"minecraft:brown_wool":1,"minecraft:brown_mushroom":4,"minecraft:wooden_pickaxe":1,"rogues:iron_glaive":1,"minecraft:oak_log":38,"naturalist:lizard_tail":1,"minecraft:dirt":36,"minecraft:string":3,"minecraft:red_bed":2,"minecraft:lantern":1,"minecraft:raw_copper":3,"minecraft:apple":2,"minecraft:wheat_seeds":4,"minecraft:gold_nugget":4,"minecraft:spruce_planks":3,"minecraft:iron_ingot":1,"minecraft:beef":3,"minecraft:light_gray_wool":1,"jewelry:ruby_ring":1,"minecraft:melon_slice":6,"minecraft:chest":1,"minecraft:birch_sapling":6,"minecraft:oak_planks":8,"farmersdelight:cabbage_seeds":1,"minecraft:egg":4,"minecraft:book":57,"minecraft:stick":94,"minecraft:raw_iron":1,"minecraft:cooked_porkchop":6,"paladins:prior_robe_chest":1,"farmersdelight:tomato_seeds":6,"minecraft:spruce_sapling":9,"minecraft:spruce_log":140,"minecraft:purple_terracotta":1,"minecraft:pumpkin_seeds":3,"minecraft:rotten_flesh":7,"minecraft:beetroot_seeds":4,"minecraft:emerald":2,"minecraft:bread":10,"minecraft:oak_sapling":2,"minecraft:melon_seeds":1,"minecraft:mutton":8,"minecraft:white_wool":3,"minecraft:cobblestone":14},"minecraft:custom":{"minecraft:interact_with_furnace":2,"minecraft:mob_kills":15,"minecraft:interact_with_crafting_table":14,"minecraft:open_barrel":21,"minecraft:leave_game":1,"minecraft:time_since_death":1271,"minecraft:climb_one_cm":1931,"minecraft:sleep_in_bed":6,"minecraft:time_since_rest":1298,"minecraft:sprint_one_cm":325120,"minecraft:damage_taken":9359,"minecraft:walk_one_cm":222747,"minecraft:damage_blocked_by_shield":660,"minecraft:drop":29,"minecraft:damage_dealt":4171,"minecraft:swim_one_cm":10435,"minecraft:fly_one_cm":376293,"minecraft:open_chest":67,"minecraft:crouch_one_cm":9394,"minecraft:play_time":92745,"minecraft:deaths":28,"minecraft:sneak_time":4417,"minecraft:walk_under_water_one_cm":6006,"minecraft:jump":2137,"minecraft:walk_on_water_one_cm":8633,"minecraft:total_world_time":92745,"minecraft:fall_one_cm":41520},"minecraft:broken":{"minecraft:stone_axe":1},"minecraft:crafted":{"minecraft:oak_planks":152,"minecraft:crafting_table":1,"minecraft:spruce_planks":196,"minecraft:wooden_pickaxe":1,"paladins:iron_claymore":1,"minecraft:birch_planks":56,"minecraft:stone_axe":1,"minecraft:iron_chestplate":1,"minecraft:shield":1,"minecraft:stick":12,"minecraft:stone_pickaxe":1,"minecraft:wooden_axe":1,"minecraft:stone_sword":1,"minecraft:chest":3},"minecraft:killed_by":{"minecraft:vindicator":14,"minecraft:player":1,"illagerinvasion:inquisitor":1,"minecraft:skeleton":4,"minecraft:pillager":4,"minecraft:illusioner":4},"minecraft:used":{"minecraft:birch_planks":2,"minecraft:stone_pickaxe":9,"minecraft:oak_planks":139,"minecraft:spruce_planks":33,"minecraft:wooden_pickaxe":8,"minecraft:chest":4,"minecraft:shield":11,"minecraft:dirt":27,"minecraft:crafting_table":2,"minecraft:red_bed":2,"rogues:iron_sickle":3,"minecraft:wooden_axe":19,"minecraft:apple":2,"minecraft:melon_slice":1,"minecraft:bread":16,"paladins:iron_claymore":28,"minecraft:stone_axe":133,"minecraft:wooden_sword":13,"rogues:iron_glaive":30,"minecraft:cooked_porkchop":3,"minecraft:egg":1},"minecraft:dropped":{"minecraft:iron_ingot":1,"minecraft:brown_mushroom":2,"paladins:prior_robe_chest":1,"minecraft:birch_sapling":3,"minecraft:feather":2,"minecraft:rotten_flesh":7,"minecraft:oak_planks":3,"minecraft:lantern":1,"minecraft:stick":96,"minecraft:dirt":1,"minecraft:iron_chestplate":1,"minecraft:wooden_axe":1,"minecraft:gold_nugget":4,"minecraft:spruce_log":10,"minecraft:wooden_pickaxe":1,"minecraft:egg":1},"minecraft:mined":{"minecraft:spruce_planks":1,"minecraft:brown_mushroom":1,"minecraft:red_bed":1,"minecraft:crafting_table":2,"minecraft:grass_block":4,"minecraft:melon":2,"minecraft:chest":1,"minecraft:cobblestone":12,"minecraft:copper_ore":1,"minecraft:spruce_leaves":2,"minecraft:oak_planks":9,"minecraft:birch_log":10,"minecraft:iron_ore":1,"minecraft:spruce_log":113,"minecraft:grass":1,"minecraft:bookshelf":14,"minecraft:oak_log":11,"minecraft:dirt":10,"minecraft:stone":3,"minecraft:oak_leaves":4,"minecraft:fern":1}},"DataVersion":3465}