{"stats":{"minecraft:dropped":{"minecraft:iron_ingot":1,"minecraft:brown_mushroom":2,"minecraft:feather":2,"minecraft:cobblestone":3,"minecraft:book":1,"minecraft:lantern":1,"minecraft:golden_apple":3,"minecraft:stick":96,"minecraft:dirt":1,"minecraft:wooden_axe":1,"minecraft:gold_nugget":4,"minecraft:gravel":1,"paladins:prior_robe_chest":1,"minecraft:birch_sapling":3,"minecraft:rotten_flesh":7,"minecraft:oak_planks":3,"wizards:wand_fire":1,"minecraft:rabbit_foot":1,"minecraft:filled_map":1,"minecraft:iron_chestplate":1,"ecologics:coconut_husk":1,"minecraft:spruce_log":10,"minecraft:iron_bars":1,"minecraft:arrow":2,"minecraft:wooden_pickaxe":1,"wizards:fire_spell_book":3,"minecraft:egg":1},"minecraft:broken":{"minecraft:stone_axe":1,"minecraft:iron_helmet":1},"minecraft:killed_by":{"minecraft:player":1,"illagerinvasion:basher":1,"minecraft:pillager":5,"minecraft:vindicator":15,"illagerinvasion:inquisitor":1,"minecraft:skeleton":6,"illagerinvasion:marauder":1,"illagerinvasion:provoker":1,"minecraft:illusioner":4},"minecraft:used":{"bagofholding:iron_bag_of_holding":4,"minecraft:chest":6,"minecraft:spruce_planks":59,"minecraft:shield":23,"minecraft:iron_chestplate":1,"minecraft:dirt":27,"rogues:iron_dagger":10,"minecraft:wooden_axe":19,"minecraft:iron_axe":7,"paladins:iron_claymore":71,"rogues:iron_glaive":82,"minecraft:egg":1,"bagofholding:leather_bag_of_holding":4,"minecraft:cooked_mutton":13,"minecraft:birch_planks":2,"minecraft:stone_pickaxe":9,"minecraft:oak_planks":146,"minecraft:wooden_pickaxe":8,"minecraft:golden_apple":3,"minecraft:crafting_table":2,"minecraft:red_bed":4,"rogues:iron_sickle":3,"minecraft:crossbow":7,"minecraft:apple":3,"minecraft:melon_slice":4,"minecraft:bread":32,"minecraft:iron_pickaxe":27,"wizards:wand_fire":2,"paladins:iron_great_hammer":10,"minecraft:stone_axe":133,"minecraft:wooden_sword":13,"minecraft:cooked_porkchop":6},"minecraft:mined":{"minecraft:large_amethyst_bud":1,"minecraft:spruce_planks":1,"minecraft:ladder":1,"minecraft:grass_block":4,"minecraft:decorated_pot":1,"minecraft:spruce_leaves":12,"minecraft:iron_ore":1,"minecraft:bookshelf":14,"minecraft:small_amethyst_bud":2,"minecraft:stone":12,"minecraft:brown_mushroom":1,"minecraft:red_bed":4,"minecraft:crafting_table":2,"minecraft:melon":2,"minecraft:chest":1,"minecraft:tall_grass":2,"minecraft:copper_ore":1,"minecraft:cobblestone":12,"minecraft:oak_planks":9,"minecraft:birch_log":10,"minecraft:spruce_log":113,"minecraft:grass":2,"minecraft:coal_ore":16,"minecraft:oak_log":11,"minecraft:gravel":8,"minecraft:dirt":10,"minecraft:oak_leaves":4,"minecraft:fern":1},"minecraft:killed":{"minecraft:spider":6,"minecraft:vindicator":4,"naturalist:robin":1,"naturalist:coral_snake":1,"minecraft:skeleton":5,"minecraft:chicken":1,"illagerinvasion:provoker":1,"ecologics:coconut_crab":1,"naturalist:snake":1,"naturalist:lizard_tail":1,"minecraft:sheep":15,"minecraft:pillager":4,"minecraft:donkey":1,"minecraft:zombie":8,"minecraft:cow":1},"minecraft:crafted":{"minecraft:oak_planks":180,"minecraft:cooked_mutton":15,"minecraft:stone_pickaxe":1,"minecraft:chest":5,"bagofholding:leather_bag_of_holding":1,"minecraft:crafting_table":1,"minecraft:spruce_planks":196,"minecraft:wooden_pickaxe":1,"runes:fire_stone":10,"paladins:iron_claymore":1,"minecraft:birch_planks":56,"minecraft:stone_axe":1,"minecraft:air":0,"bagofholding:iron_bag_of_holding":1,"minecraft:iron_chestplate":1,"minecraft:charcoal":8,"minecraft:shield":1,"minecraft:stick":12,"minecraft:wooden_axe":1,"minecraft:stone_sword":1,"wizards:wand_fire":1},"minecraft:picked_up":{"minecraft:wooden_axe":1,"minecraft:cocoa_beans":2,"minecraft:iron_chestplate":1,"minecraft:crafting_table":2,"minecraft:ladder":2,"wizards:wand_fire":1,"illagerinvasion:platinum_chunk":1,"minecraft:chicken":1,"minecraft:brown_mushroom":4,"rogues:iron_glaive":1,"minecraft:wooden_pickaxe":1,"minecraft:string":10,"minecraft:red_bed":5,"minecraft:raw_copper":3,"minecraft:gold_nugget":4,"minecraft:spruce_planks":51,"minecraft:beef":3,"minecraft:light_gray_wool":1,"minecraft:melon_slice":6,"minecraft:chest":1,"minecraft:birch_sapling":6,"farmersdelight:cabbage_seeds":1,"minecraft:egg":4,"minecraft:stick":94,"minecraft:raw_iron":1,"wizards:fire_spell_book":3,"farmersdelight:tomato_seeds":6,"minecraft:purple_terracotta":1,"minecraft:arrow":11,"minecraft:rotten_flesh":16,"minecraft:decorated_pot":1,"minecraft:beetroot_seeds":4,"minecraft:gold_ingot":9,"minecraft:mutton":23,"minecraft:white_wool":12,"minecraft:cobblestone":22,"minecraft:birch_log":14,"minecraft:feather":4,"minecraft:leather":1,"minecraft:brown_wool":2,"minecraft:oak_log":45,"naturalist:lizard_tail":1,"minecraft:lantern":1,"minecraft:dirt":39,"minecraft:cooked_mutton":9,"minecraft:bone":6,"minecraft:apple":2,"minecraft:wheat_seeds":4,"minecraft:iron_ingot":1,"jewelry:ruby_ring":1,"minecraft:oak_planks":8,"minecraft:book":108,"minecraft:cooked_porkchop":6,"paladins:prior_robe_chest":1,"minecraft:gravel":1,"ecologics:coconut_husk":1,"minecraft:spruce_sapling":9,"minecraft:spruce_log":140,"minecraft:spider_eye":1,"minecraft:pumpkin_seeds":3,"minecraft:emerald":2,"minecraft:bread":10,"minecraft:oak_sapling":2,"minecraft:melon_seeds":1,"minecraft:coal":16},"minecraft:custom":{"minecraft:mob_kills":54,"minecraft:animals_bred":1,"minecraft:interact_with_crafting_table":26,"minecraft:open_barrel":26,"minecraft:leave_game":2,"minecraft:time_since_death":55327,"minecraft:climb_one_cm":4288,"minecraft:sprint_one_cm":579221,"minecraft:walk_one_cm":468355,"minecraft:damage_blocked_by_shield":1470,"minecraft:drop":42,"minecraft:talked_to_villager":2,"minecraft:play_time":182321,"minecraft:deaths":35,"minecraft:sneak_time":4914,"minecraft:walk_under_water_one_cm":6811,"minecraft:jump":3846,"minecraft:walk_on_water_one_cm":11901,"minecraft:total_world_time":182321,"minecraft:interact_with_furnace":14,"minecraft:sleep_in_bed":15,"minecraft:time_since_rest":5413,"minecraft:damage_taken":13466,"minecraft:damage_absorbed":121,"minecraft:damage_dealt":10085,"minecraft:swim_one_cm":21397,"minecraft:fly_one_cm":742675,"minecraft:open_chest":160,"minecraft:crouch_one_cm":10589,"minecraft:fall_one_cm":83306}},"DataVersion":3465}