{"stats":{"minecraft:mined":{"minecraft:dark_oak_planks":19,"minecraft:dark_prismarine_stairs":2,"betternether:netherrack_furnace":4,"minecraft:large_amethyst_bud":1,"minecraft:spruce_planks":22,"betternether:cincinnasite_pedestal":1,"betternether:nether_reed_stem":2,"minecraft:granite":1,"betternether:lumabus_vine":2,"minecraft:acacia_log":76,"minecraft:grass_block":44,"minecraft:cracked_polished_blackstone_bricks":45,"betternether:sepia_mushroom_grass":7,"minecraft:light_gray_bed":4,"betternether:nether_brick_wall":1,"betternether:nether_reed_roof_stairs":3,"minecraft:nether_wart":5,"betternether:cincinnasite_ore":8,"minecraft:spawner":12,"minecraft:polished_blackstone_bricks":73,"minecraft:magma_block":60,"minecraft:fire":39,"minecraft:iron_ore":1,"minecraft:target":1,"betternether:cincinnasite_bricks_pillar":7,"minecraft:fletching_table":1,"minecraft:stripped_dark_oak_wood":2,"minecraft:dark_oak_stairs":1,"betternether:nether_reed_roof":2,"minecraft:small_amethyst_bud":2,"minecraft:dirt_path":2,"minecraft:iron_bars":2,"betternether:wart_seed":4,"minecraft:birch_wall_sign":1,"betternether:cincinnasite_fire_bowl":3,"minecraft:spruce_wood":43,"minecraft:white_banner":1,"minecraft:player_head":3,"minecraft:spruce_slab":1,"minecraft:brown_mushroom":1,"minecraft:red_bed":8,"minecraft:blackstone":46,"betternether:sepia_bone_grass":1,"betternether:cincinnasite_pot":1,"minecraft:calcite":10,"minecraft:melon":2,"minecraft:chest":1,"betternether:cincinnasite_forged":3,"minecraft:nether_quartz_ore":10,"minecraft:cobblestone":12,"minecraft:damaged_anvil":1,"minecraft:oak_planks":18,"betternether:farmland":5,"minecraft:wall_torch":1,"minecraft:dark_oak_slab":3,"minecraft:birch_log":10,"minecraft:jukebox":1,"minecraft:tnt":61,"minecraft:grass":15,"minecraft:oak_log":22,"betternether:cincinnasite_slab":2,"minecraft:dirt":25,"minecraft:sand":23,"minecraft:netherrack":1519,"minecraft:oak_leaves":4,"minecraft:nether_gold_ore":11,"minecraft:dark_prismarine":34,"betternether:cincinnasite_forge":3,"betternether:stalagnate_fence":2,"minecraft:yellow_wall_banner":1,"betternether:nether_reed_stairs":1,"minecraft:mossy_cobblestone":2,"minecraft:blackstone_wall":5,"minecraft:ladder":1,"minecraft:decorated_pot":1,"minecraft:stripped_jungle_wood":3,"ecologics:coconut_log":3,"minecraft:spruce_leaves":12,"betternether:cincinnasite_bars":2,"minecraft:moss_block":8,"betternether:potted_plant":1,"betternether:cincinnasite_wall":3,"minecraft:acacia_wood":17,"betternether:quartz_glass_framed_pane":7,"minecraft:gold_block":12,"betternether:pig_statue_respawner":1,"minecraft:bookshelf":14,"betternether:nether_brick_tile_large":11,"minecraft:shroomlight":6,"betternether:nether_lapis_ore":4,"minecraft:blue_glazed_terracotta":1,"betternether:nether_reed_planks":25,"minecraft:stone":67,"minecraft:white_wool":8,"betternether:nether_brick_tile_stairs":8,"minecraft:oak_slab":1,"minecraft:red_wool":1,"minecraft:soul_sand":1,"betternether:cincinnasite_lantern":3,"betternether:cincinnasite_stairs":12,"minecraft:basalt":45,"minecraft:crafting_table":2,"betternether:nether_reed_fence":2,"minecraft:copper_ore":1,"minecraft:tall_grass":3,"minecraft:red_glazed_terracotta":6,"minecraft:spruce_log":113,"betternether:cincinnasite_lantern_small":3,"betternether:golden_lumabus_vine":2,"betternether:bone_tile":8,"minecraft:coal_ore":34,"minecraft:gravel":29,"minecraft:dripstone_block":40,"betternether:chest_of_drawers":6,"minecraft:acacia_planks":25,"minecraft:stripped_acacia_wood":18,"minecraft:polished_andesite":1,"minecraft:polished_blackstone":1,"minecraft:fern":1},"minecraft:crafted":{"minecraft:oak_planks":220,"betternether:flaming_ruby_helmet":1,"bagofholding:golden_bag_of_holding":2,"minecraft:cooked_mutton":15,"betternether:nether_ruby_helmet":1,"minecraft:chest":14,"minecraft:cooked_porkchop":20,"minecraft:crafting_table":8,"minecraft:spruce_planks":384,"minecraft:wooden_pickaxe":2,"runes:fire_stone":58,"betternether:flaming_ruby_boots":1,"paladins:iron_claymore":1,"minecraft:birch_planks":56,"minecraft:iron_chestplate":1,"minecraft:charcoal":8,"minecraft:shield":1,"minecraft:stick":32,"minecraft:iron_pickaxe":9,"minecraft:stone_sword":1,"betternether:nether_ruby_chestplate":1,"wizards:wand_fire":1,"betternether:flaming_ruby_chestplate":1,"ecologics:coconut_planks":12,"minecraft:iron_axe":2,"minecraft:stone_pickaxe":1,"minecraft:spruce_boat":2,"bagofholding:leather_bag_of_holding":2,"minecraft:dark_oak_planks":8,"ecologics:coconut_boat":3,"minecraft:bucket":1,"minecraft:stone_axe":1,"minecraft:bread":16,"minecraft:air":0,"betternether:nether_ruby_boots":1,"minecraft:oak_boat":5,"bagofholding:iron_bag_of_holding":2,"minecraft:wooden_axe":2,"minecraft:acacia_planks":280},"minecraft:used":{"minecraft:spruce_slab":1,"minecraft:chest":14,"minecraft:shield":23,"minecraft:nether_wart":5,"rogues:stone_double_axe":5,"minecraft:player_head":2,"minecraft:iron_chestplate":1,"supplementaries:globe":4,"rogues:iron_dagger":10,"minecraft:acacia_sapling":10,"betternether:flaming_ruby_sword":2674,"minecraft:obsidian":7,"minecraft:spruce_boat":1,"bagofholding:golden_bag_of_holding":120,"minecraft:red_wool":2,"paladins:iron_claymore":123,"archers:iron_spear":50,"minecraft:dark_oak_slab":1,"minecraft:bow":1,"rogues:iron_glaive":158,"minecraft:egg":1,"paladins:golden_kite_shield":19,"archers:flint_spear":3,"bagofholding:leather_bag_of_holding":36,"paladins:ruby_great_hammer":1,"minecraft:damaged_anvil":1,"minecraft:stone_pickaxe":9,"minecraft:oak_planks":146,"minecraft:blackstone":1,"minecraft:wooden_pickaxe":30,"minecraft:cookie":34,"minecraft:golden_apple":5,"minecraft:sand":15,"rogues:warrior_armor_head":1,"rogues:iron_sickle":3,"minecraft:crossbow":7,"minecraft:melon_slice":4,"minecraft:bread":108,"wizards:wand_fire":2,"farmersdelight:ham":1,"minecraft:wooden_sword":13,"minecraft:oak_boat":6,"minecraft:experience_bottle":1,"bagofholding:iron_bag_of_holding":60,"minecraft:spruce_planks":228,"minecraft:netherrack":555,"minecraft:torch":1,"minecraft:dirt":66,"minecraft:dark_oak_planks":8,"minecraft:wooden_axe":21,"minecraft:iron_axe":284,"ecologics:coconut_boat":3,"minecraft:light_gray_bed":5,"minecraft:acacia_planks":121,"minecraft:cooked_mutton":17,"minecraft:yellow_banner":1,"minecraft:water_bucket":10,"minecraft:birch_planks":2,"minecraft:baked_potato":2,"minecraft:fletching_table":2,"minecraft:crafting_table":9,"minecraft:red_bed":11,"wizards:staff_ruby_fire":1,"minecraft:dark_prismarine":37,"minecraft:apple":6,"minecraft:iron_pickaxe":2156,"minecraft:suspicious_stew":1,"paladins:iron_great_hammer":10,"minecraft:stone_axe":133,"minecraft:cobblestone":3,"minecraft:white_banner":1,"minecraft:cooked_porkchop":50,"minecraft:bucket":9,"minecraft:pumpkin_pie":16,"minecraft:jukebox":1,"archers:netherite_spear":3},"minecraft:custom":{"minecraft:animals_bred":2,"minecraft:interact_with_crafting_table":62,"minecraft:open_barrel":140,"minecraft:bell_ring":1,"minecraft:eat_cake_slice":1,"minecraft:leave_game":5,"minecraft:time_since_death":40488,"minecraft:sprint_one_cm":1575159,"minecraft:damage_blocked_by_shield":2670,"minecraft:drop":315,"minecraft:talked_to_villager":7,"minecraft:play_time":666006,"minecraft:deaths":76,"minecraft:interact_with_brewingstand":2,"minecraft:jump":9839,"minecraft:walk_on_water_one_cm":67159,"minecraft:interact_with_furnace":24,"minecraft:sleep_in_bed":41,"minecraft:damage_dealt":135854,"minecraft:crouch_one_cm":94753,"minecraft:interact_with_smoker":8,"minecraft:interact_with_smithing_table":5,"minecraft:interact_with_anvil":4,"minecraft:mob_kills":284,"minecraft:climb_one_cm":33432,"minecraft:walk_one_cm":1520393,"minecraft:sneak_time":41014,"minecraft:walk_under_water_one_cm":66308,"minecraft:boat_one_cm":413099,"minecraft:interact_with_blast_furnace":2,"minecraft:total_world_time":666006,"minecraft:tune_noteblock":1,"minecraft:time_since_rest":7541,"minecraft:damage_absorbed":201,"minecraft:damage_taken":39029,"minecraft:swim_one_cm":227299,"minecraft:fly_one_cm":1845959,"minecraft:open_chest":561,"minecraft:fall_one_cm":235358},"minecraft:killed_by":{"minecraft:piglin_brute":2,"minecraft:zombified_piglin":1,"minecraft:wither_skeleton":11,"illagerinvasion:basher":1,"minecraft:creeper":1,"minecraft:pillager":5,"minecraft:vindicator":15,"minecraft:piglin":1,"minecraft:zombie":1,"minecraft:illusioner":4,"minecraft:player":1,"minecraft:hoglin":4,"illagerinvasion:inquisitor":1,"minecraft:skeleton":17,"minecraft:phantom":2,"illagerinvasion:marauder":1,"illagerinvasion:provoker":1},"minecraft:picked_up":{"minecraft:wooden_axe":1,"minecraft:iron_chestplate":3,"minecraft:wheat":192,"illagerinvasion:platinum_chunk":1,"betternether:cincinnasite_bricks_pillar":7,"betternether:pig_statue_respawner":1,"rogues:iron_glaive":1,"betternether:lumabus_seed":6,"minecraft:potion":1,"betternether:nether_reed_stem":2,"betternether:agave":1,"betternether:bone_stalactite":1,"betternether:cincinnasite_wall":2,"betternether:nether_brick_tile_large":11,"minecraft:string":24,"betternether:blue_obsidian":2,"minecraft:raw_copper":3,"minecraft:iron_leggings":5,"minecraft:experience_bottle":1,"minecraft:shroomlight":5,"betternether:netherrack_furnace":4,"betternether:golden_lumabus_seed":13,"minecraft:diamond_leggings":1,"minecraft:gold_nugget":55,"bosses_of_mass_destruction:soul_star":1,"minecraft:bucket":5,"minecraft:spruce_planks":226,"rogues:rogue_armor_legs":1,"minecraft:calcite":10,"minecraft:iron_pickaxe":2,"minecraft:melon_slice":6,"betternether:quartz_glass_framed_pane":7,"farmersdelight:cabbage_seeds":1,"minecraft:iron_boots":4,"minecraft:tipped_arrow":1,"minecraft:stick":100,"betternether:bone_cincinnasite_door":2,"minecraft:jukebox":1,"minecraft:torch":13,"minecraft:acacia_log":85,"wizards:fire_spell_book":3,"minecraft:porkchop":111,"minecraft:target":1,"betternether:cincinnasite":16,"betternether:lapis_pile":18,"minecraft:yellow_banner":1,"minecraft:light_gray_bed":7,"minecraft:rotten_flesh":49,"betternether:cincinnasite_lantern_small":3,"minecraft:blue_glazed_terracotta":1,"farmersdelight:onion":16,"minecraft:blackstone_wall":6,"ecologics:coconut_log":3,"betternether:farmland":5,"paladins:priest_robe_head":1,"minecraft:obsidian":14,"minecraft:iron_bars":2,"betternether:cincinnasite_bars":2,"minecraft:cobblestone":72,"minecraft:birch_log":14,"minecraft:magma_block":4,"betternether:glowstone_pile":17,"minecraft:feather":4,"jewelry:gold_ring":1,"minecraft:water_bucket":1,"ecologics:coconut_planks":17,"minecraft:brown_wool":3,"archers:netherite_spear":1,"minecraft:flint":1,"supplementaries:flax_seeds":9,"betternether:wart_seed":4,"betternether:nether_reed_fence":1,"minecraft:wither_skeleton_skull":3,"naturalist:lizard_tail":1,"minecraft:lantern":1,"minecraft:dirt":89,"farmersdelight:mutton_chops":42,"wizards:wizard_robe_chest":1,"wizards:wand_novice":1,"minecraft:leather_boots":1,"minecraft:bone":112,"farmersdelight:iron_knife":1,"minecraft:acacia_planks":241,"minecraft:bow":2,"minecraft:wheat_seeds":6,"paladins:acolyte_wand":1,"betternether:cincinnasite_plate":1,"minecraft:fletching_table":2,"minecraft:bamboo":12,"minecraft:oak_planks":63,"minecraft:cooked_porkchop":33,"betternether:weeping_obsidian":2,"paladins:prior_robe_chest":1,"minecraft:stripped_acacia_wood":19,"minecraft:sand":23,"ecologics:coconut_husk":1,"minecraft:lily_of_the_valley":2,"farmersdelight:ham":3,"minecraft:spectral_arrow":1,"minecraft:mossy_cobblestone":2,"minecraft:dark_prismarine":37,"minecraft:polished_andesite":1,"minecraft:diamond":1,"betternether:cincinnasite_lantern":3,"minecraft:cracked_polished_blackstone_bricks":36,"minecraft:crossbow":1,"minecraft:bone_meal":8,"minecraft:emerald":29,"minecraft:golden_horse_armor":4,"minecraft:bread":151,"minecraft:oak_sapling":16,"minecraft:netherrack":1464,"betternether:nether_brick_tile_stairs":8,"minecraft:cocoa_beans":10,"minecraft:crafting_table":2,"minecraft:ladder":2,"betternether:nether_reed_roof_stairs":5,"archers:flint_spear":1,"wizards:wand_fire":1,"minecraft:chicken":1,"minecraft:nether_wart":18,"minecraft:leather_leggings":8,"minecraft:brown_mushroom":4,"minecraft:wooden_pickaxe":1,"minecraft:gold_block":11,"betternether:nether_reed_stairs":1,"betternether:flaming_ruby_sword":1,"minecraft:cornflower":2,"minecraft:oak_trapdoor":2,"minecraft:red_bed":11,"supplementaries:globe":4,"minecraft:flint_and_steel":1,"minecraft:item_frame":1,"minecraft:blackstone":29,"minecraft:netherite_sword":2,"minecraft:dark_prismarine_stairs":2,"minecraft:beef":3,"minecraft:oak_boat":1,"minecraft:player_head":3,"minecraft:light_gray_wool":1,"minecraft:spruce_slab":1,"minecraft:chest":1,"minecraft:birch_sapling":6,"betternether:stalagnate_fence":2,"minecraft:phantom_membrane":2,"minecraft:egg":4,"betternether:flaming_ruby_helmet":2,"minecraft:raw_iron":1,"betternether:nether_brick_wall":1,"betternether:cincinnasite_sword":1,"runes:fire_stone":1,"minecraft:polished_blackstone_bricks":65,"farmersdelight:tomato_seeds":6,"betternether:nether_reed_planks":25,"minecraft:cookie":109,"minecraft:carrot":81,"minecraft:purple_terracotta":1,"minecraft:dark_oak_planks":15,"minecraft:tnt":61,"runes:healing_stone":64,"betternether:cincinnasite_stairs":12,"minecraft:arrow":27,"minecraft:diamond_chestplate":1,"minecraft:decorated_pot":1,"minecraft:beetroot_seeds":4,"minecraft:stripped_dark_oak_wood":2,"minecraft:saddle":1,"minecraft:gold_ingot":56,"minecraft:polished_blackstone":1,"betternether:chest_of_drawers":6,"betternether:cincinnasite_fire_bowl":3,"minecraft:mutton":23,"minecraft:white_wool":38,"rogues:stone_double_axe":2,"minecraft:netherite_boots":1,"minecraft:basalt":55,"minecraft:leather":31,"minecraft:red_glazed_terracotta":6,"minecraft:acacia_wood":17,"betternether:cincinnasite_slab":2,"betternether:cincinnasite_pot":1,"minecraft:oak_log":55,"minecraft:ancient_debris":2,"minecraft:gunpowder":72,"betternether:flaming_ruby_boots":1,"betternether:cincinnasite_pedestal":1,"minecraft:white_banner":1,"minecraft:cooked_mutton":21,"minecraft:apple":242,"minecraft:kelp":3,"betternether:flaming_ruby_chestplate":1,"betternether:jellyfish_mushroom_sapling":4,"minecraft:spruce_wood":38,"minecraft:iron_ingot":88,"jewelry:ruby_ring":1,"minecraft:iron_sword":6,"minecraft:acacia_sapling":20,"minecraft:dark_oak_stairs":5,"minecraft:book":108,"paladins:iron_claymore":2,"minecraft:dark_oak_slab":1,"minecraft:sweet_berries":6,"minecraft:red_wool":1,"minecraft:quartz":36,"minecraft:dripstone_block":1,"betternether:bone_tile":9,"minecraft:gravel":19,"minecraft:birch_stairs":1,"minecraft:spruce_sapling":9,"minecraft:spruce_log":185,"minecraft:crying_obsidian":1,"betternether:cincinnasite_forged":3,"minecraft:spider_eye":2,"minecraft:leather_helmet":8,"betternether:nether_mushroom_stem":1,"betternether:flaming_ruby_leggings":1,"minecraft:pumpkin_seeds":12,"minecraft:slime_ball":21,"betternether:cincinnasite_forge":3,"minecraft:stripped_jungle_wood":2,"minecraft:birch_sign":2,"minecraft:warped_roots":2,"minecraft:baked_potato":48,"minecraft:brown_banner":1,"minecraft:damaged_anvil":1,"minecraft:melon_seeds":1,"minecraft:coal":61,"betternether:nether_reed_roof":4},"minecraft:dropped":{"farmersdelight:iron_knife":1,"minecraft:iron_sword":8,"minecraft:porkchop":22,"minecraft:brown_mushroom":2,"minecraft:dark_oak_stairs":2,"jewelry:ruby_ring":1,"wizards:staff_wizard":1,"minecraft:baked_potato":48,"minecraft:cookie":75,"minecraft:warped_roots":2,"minecraft:lantern":1,"minecraft:leather":12,"minecraft:saddle":1,"minecraft:brown_banner":1,"minecraft:leather_helmet":6,"minecraft:emerald":2,"minecraft:cracked_polished_blackstone_bricks":5,"minecraft:dirt":3,"betternether:nether_mushroom_stem":1,"minecraft:cornflower":2,"farmersdelight:onion":16,"minecraft:gold_nugget":4,"minecraft:phantom_membrane":1,"minecraft:sand":2,"minecraft:iron_pickaxe":2,"minecraft:dark_oak_planks":4,"minecraft:white_wool":22,"minecraft:gold_ingot":46,"farmersdelight:mutton_chops":42,"minecraft:bone":38,"betternether:flaming_ruby_helmet":1,"minecraft:gravel":1,"minecraft:ancient_debris":2,"minecraft:birch_sapling":3,"minecraft:wheat":144,"minecraft:rotten_flesh":24,"minecraft:oak_planks":67,"betternether:jellyfish_mushroom_sapling":2,"wizards:wand_fire":1,"minecraft:cooked_mutton":12,"betternether:flaming_ruby_boots":1,"minecraft:carrot":54,"minecraft:rabbit_foot":1,"supplementaries:flax_seeds":6,"minecraft:gunpowder":72,"minecraft:leather_boots":2,"ecologics:coconut_husk":1,"minecraft:leather_leggings":5,"minecraft:iron_bars":1,"minecraft:arrow":4,"wizards:fire_spell_book":3,"minecraft:netherrack":412,"minecraft:egg":1,"minecraft:iron_ingot":17,"minecraft:bread":68,"minecraft:wheat_seeds":1,"minecraft:golden_horse_armor":3,"minecraft:dripstone_block":1,"minecraft:diamond_leggings":1,"minecraft:feather":2,"minecraft:cobblestone":3,"minecraft:book":1,"minecraft:spectral_arrow":2,"minecraft:apple":195,"minecraft:acacia_log":11,"betternether:flaming_ruby_sword":1,"minecraft:coal":13,"minecraft:golden_apple":3,"minecraft:stick":96,"betternether:flaming_ruby_leggings":1,"betternether:bone_stalactite":1,"minecraft:torch":10,"minecraft:blackstone_wall":3,"minecraft:wooden_axe":1,"minecraft:brown_wool":2,"betternether:stalagnate_fence":2,"minecraft:iron_leggings":3,"minecraft:iron_axe":1,"minecraft:string":17,"minecraft:bucket":4,"minecraft:acacia_planks":190,"betternether:cincinnasite_lantern":2,"ecologics:coconut_planks":6,"minecraft:sweet_berries":6,"minecraft:cocoa_beans":8,"paladins:prior_robe_chest":2,"betternether:flaming_ruby_chestplate":1,"minecraft:experience_bottle":14,"minecraft:iron_boots":2,"jewelry:citrine_ring":1,"minecraft:pumpkin_seeds":6,"minecraft:lily_of_the_valley":1,"minecraft:filled_map":1,"betternether:cincinnasite_sword":1,"minecraft:spruce_boat":1,"minecraft:shroomlight":1,"minecraft:diamond_chestplate":1,"minecraft:spruce_planks":184,"minecraft:netherite_block":1,"paladins:golden_kite_shield":1,"minecraft:iron_chestplate":2,"minecraft:light_gray_bed":2,"betternether:bone_tile":2,"minecraft:oak_sapling":12,"paladins:acolyte_wand":1,"minecraft:spider_eye":2,"minecraft:birch_sign":2,"minecraft:bamboo":8,"minecraft:spruce_log":55,"minecraft:bow":2,"minecraft:wooden_pickaxe":2,"farmersdelight:ham":2,"minecraft:magma_block":2},"minecraft:broken":{"minecraft:iron_boots":1,"minecraft:stone_axe":1,"minecraft:iron_pickaxe":5,"minecraft:iron_helmet":1},"minecraft:killed":{"naturalist:zebra":1,"minecraft:zombified_piglin":2,"minecraft:spider":6,"naturalist:robin":1,"minecraft:skeleton":19,"minecraft:chicken":1,"illagerinvasion:provoker":1,"ecologics:coconut_crab":2,"minecraft:piglin_brute":1,"minecraft:piglin":4,"naturalist:snake":1,"minecraft:sheep":15,"minecraft:pillager":6,"minecraft:zombie":18,"minecraft:donkey":1,"minecraft:cow":1,"minecraft:vindicator":4,"minecraft:slime":13,"minecraft:phantom":1,"naturalist:coral_snake":1,"minecraft:drowned":1,"naturalist:lizard_tail":1,"minecraft:hoglin":47,"minecraft:wither_skeleton":120,"minecraft:villager":1}},"DataVersion":3465}