{"stats":{"minecraft:dropped":{"minecraft:iron_ingot":1,"minecraft:brown_mushroom":2,"minecraft:feather":2,"minecraft:cobblestone":3,"minecraft:book":1,"minecraft:lantern":1,"minecraft:golden_apple":3,"minecraft:stick":96,"minecraft:dirt":1,"minecraft:wooden_axe":1,"minecraft:gold_nugget":4,"minecraft:dark_oak_planks":4,"minecraft:gravel":1,"paladins:prior_robe_chest":1,"minecraft:birch_sapling":3,"minecraft:rotten_flesh":7,"minecraft:oak_planks":3,"wizards:wand_fire":1,"minecraft:rabbit_foot":1,"minecraft:filled_map":1,"minecraft:iron_chestplate":1,"ecologics:coconut_husk":1,"minecraft:spruce_log":10,"minecraft:iron_bars":1,"minecraft:arrow":2,"minecraft:wooden_pickaxe":1,"wizards:fire_spell_book":3,"minecraft:egg":1},"minecraft:broken":{"minecraft:stone_axe":1,"minecraft:iron_helmet":1},"minecraft:killed_by":{"minecraft:player":1,"illagerinvasion:basher":1,"minecraft:pillager":5,"minecraft:vindicator":15,"illagerinvasion:inquisitor":1,"minecraft:skeleton":7,"illagerinvasion:marauder":1,"illagerinvasion:provoker":1,"minecraft:illusioner":4},"minecraft:used":{"minecraft:spruce_slab":1,"bagofholding:iron_bag_of_holding":4,"minecraft:chest":6,"minecraft:spruce_planks":68,"minecraft:shield":23,"rogues:stone_double_axe":5,"minecraft:iron_chestplate":1,"minecraft:dirt":56,"rogues:iron_dagger":10,"minecraft:wooden_axe":19,"minecraft:iron_axe":7,"paladins:iron_claymore":77,"minecraft:dark_oak_slab":1,"rogues:iron_glaive":83,"minecraft:egg":1,"bagofholding:leather_bag_of_holding":4,"minecraft:cooked_mutton":17,"minecraft:birch_planks":2,"minecraft:stone_pickaxe":9,"minecraft:baked_potato":2,"minecraft:oak_planks":146,"minecraft:wooden_pickaxe":8,"minecraft:golden_apple":3,"minecraft:crafting_table":5,"minecraft:red_bed":6,"rogues:iron_sickle":3,"minecraft:crossbow":7,"minecraft:apple":3,"minecraft:melon_slice":4,"minecraft:bread":32,"minecraft:suspicious_stew":1,"minecraft:iron_pickaxe":53,"wizards:wand_fire":2,"paladins:iron_great_hammer":10,"minecraft:stone_axe":133,"minecraft:wooden_sword":13,"minecraft:cobblestone":3,"minecraft:cooked_porkchop":6,"minecraft:oak_boat":3},"minecraft:mined":{"minecraft:dark_oak_planks":1,"minecraft:large_amethyst_bud":1,"minecraft:spruce_planks":1,"minecraft:ladder":1,"minecraft:grass_block":28,"minecraft:decorated_pot":1,"minecraft:stripped_jungle_wood":1,"minecraft:spruce_leaves":12,"minecraft:iron_ore":1,"minecraft:acacia_wood":1,"minecraft:target":1,"minecraft:stripped_dark_oak_wood":2,"minecraft:bookshelf":14,"minecraft:iron_bars":2,"minecraft:small_amethyst_bud":2,"minecraft:stone":15,"minecraft:spruce_slab":1,"minecraft:brown_mushroom":1,"minecraft:red_bed":6,"minecraft:crafting_table":2,"minecraft:melon":2,"minecraft:chest":1,"minecraft:tall_grass":2,"minecraft:copper_ore":1,"minecraft:cobblestone":12,"minecraft:oak_planks":9,"minecraft:dark_oak_slab":3,"minecraft:birch_log":10,"minecraft:spruce_log":113,"minecraft:tnt":1,"minecraft:grass":9,"minecraft:coal_ore":34,"minecraft:oak_log":17,"minecraft:gravel":28,"minecraft:dirt":19,"minecraft:oak_leaves":4,"minecraft:fern":1},"minecraft:killed":{"minecraft:spider":6,"minecraft:vindicator":4,"naturalist:robin":1,"naturalist:coral_snake":1,"minecraft:skeleton":5,"minecraft:chicken":1,"illagerinvasion:provoker":1,"ecologics:coconut_crab":2,"naturalist:snake":1,"naturalist:lizard_tail":1,"minecraft:sheep":15,"minecraft:pillager":4,"minecraft:donkey":1,"minecraft:zombie":10,"minecraft:cow":1},"minecraft:crafted":{"minecraft:oak_planks":204,"minecraft:cooked_mutton":15,"minecraft:stone_pickaxe":1,"minecraft:chest":5,"bagofholding:leather_bag_of_holding":1,"minecraft:dark_oak_planks":8,"minecraft:crafting_table":4,"minecraft:spruce_planks":196,"minecraft:wooden_pickaxe":1,"runes:fire_stone":10,"paladins:iron_claymore":1,"minecraft:birch_planks":56,"minecraft:stone_axe":1,"minecraft:air":0,"minecraft:oak_boat":2,"bagofholding:iron_bag_of_holding":1,"minecraft:iron_chestplate":1,"minecraft:charcoal":8,"minecraft:shield":1,"minecraft:stick":16,"minecraft:iron_pickaxe":1,"minecraft:wooden_axe":1,"minecraft:stone_sword":1,"wizards:wand_fire":1},"minecraft:picked_up":{"minecraft:wooden_axe":1,"minecraft:cocoa_beans":2,"minecraft:iron_chestplate":1,"minecraft:crafting_table":2,"minecraft:ladder":2,"wizards:wand_fire":1,"illagerinvasion:platinum_chunk":1,"minecraft:chicken":1,"minecraft:brown_mushroom":4,"rogues:iron_glaive":1,"minecraft:wooden_pickaxe":1,"minecraft:cornflower":1,"minecraft:string":10,"minecraft:red_bed":7,"minecraft:raw_copper":3,"minecraft:gold_nugget":4,"minecraft:spruce_planks":51,"minecraft:beef":3,"minecraft:oak_boat":1,"minecraft:spruce_slab":1,"minecraft:light_gray_wool":1,"minecraft:melon_slice":6,"minecraft:chest":1,"minecraft:birch_sapling":6,"farmersdelight:cabbage_seeds":1,"minecraft:egg":4,"minecraft:stick":94,"minecraft:raw_iron":1,"wizards:fire_spell_book":3,"minecraft:target":1,"farmersdelight:tomato_seeds":6,"minecraft:purple_terracotta":1,"minecraft:dark_oak_planks":6,"minecraft:tnt":1,"minecraft:arrow":11,"minecraft:rotten_flesh":18,"minecraft:decorated_pot":1,"minecraft:beetroot_seeds":4,"minecraft:stripped_dark_oak_wood":2,"minecraft:gold_ingot":9,"minecraft:mutton":23,"minecraft:iron_bars":2,"minecraft:white_wool":12,"minecraft:cobblestone":25,"minecraft:birch_log":14,"minecraft:feather":4,"minecraft:leather":1,"minecraft:brown_wool":2,"minecraft:acacia_wood":1,"minecraft:flint":1,"minecraft:oak_log":51,"naturalist:lizard_tail":1,"minecraft:lantern":1,"minecraft:dirt":72,"minecraft:cooked_mutton":9,"minecraft:bone":6,"minecraft:apple":2,"minecraft:kelp":3,"minecraft:wheat_seeds":5,"minecraft:iron_ingot":1,"jewelry:ruby_ring":1,"minecraft:oak_planks":8,"minecraft:book":108,"minecraft:dark_oak_slab":1,"minecraft:cooked_porkchop":6,"paladins:prior_robe_chest":1,"minecraft:gravel":19,"ecologics:coconut_husk":1,"minecraft:spruce_sapling":9,"minecraft:spruce_log":140,"minecraft:lily_of_the_valley":1,"minecraft:spider_eye":1,"minecraft:pumpkin_seeds":3,"minecraft:stripped_jungle_wood":1,"minecraft:warped_roots":1,"minecraft:emerald":2,"minecraft:bread":10,"minecraft:oak_sapling":2,"minecraft:melon_seeds":1,"minecraft:coal":34},"minecraft:custom":{"minecraft:mob_kills":57,"minecraft:animals_bred":1,"minecraft:interact_with_crafting_table":29,"minecraft:open_barrel":70,"minecraft:leave_game":2,"minecraft:time_since_death":32488,"minecraft:climb_one_cm":5927,"minecraft:sprint_one_cm":659513,"minecraft:walk_one_cm":540403,"minecraft:damage_blocked_by_shield":1470,"minecraft:drop":44,"minecraft:talked_to_villager":5,"minecraft:play_time":230321,"minecraft:deaths":37,"minecraft:sneak_time":6271,"minecraft:walk_under_water_one_cm":14808,"minecraft:boat_one_cm":266110,"minecraft:jump":4779,"minecraft:interact_with_brewingstand":2,"minecraft:walk_on_water_one_cm":24681,"minecraft:total_world_time":230321,"minecraft:interact_with_furnace":14,"minecraft:sleep_in_bed":21,"minecraft:time_since_rest":6654,"minecraft:damage_taken":14311,"minecraft:damage_absorbed":121,"minecraft:damage_dealt":10666,"minecraft:swim_one_cm":56403,"minecraft:fly_one_cm":934115,"minecraft:open_chest":188,"minecraft:crouch_one_cm":13238,"minecraft:fall_one_cm":112810}},"DataVersion":3465}