{"stats":{"minecraft:killed":{"naturalist:snake":1,"naturalist:lizard_tail":1,"minecraft:vindicator":4,"naturalist:robin":1,"minecraft:skeleton":3,"minecraft:sheep":4,"minecraft:pillager":4,"minecraft:zombie":8,"minecraft:chicken":1,"illagerinvasion:provoker":1,"minecraft:cow":1},"minecraft:picked_up":{"minecraft:wooden_axe":1,"minecraft:birch_log":14,"minecraft:cocoa_beans":2,"minecraft:iron_chestplate":1,"minecraft:crafting_table":2,"illagerinvasion:platinum_chunk":1,"minecraft:feather":4,"minecraft:ladder":2,"minecraft:chicken":1,"minecraft:brown_wool":1,"minecraft:brown_mushroom":4,"minecraft:wooden_pickaxe":1,"rogues:iron_glaive":1,"minecraft:oak_log":45,"naturalist:lizard_tail":1,"minecraft:dirt":39,"minecraft:string":3,"minecraft:red_bed":4,"minecraft:lantern":1,"minecraft:raw_copper":3,"minecraft:bone":4,"minecraft:cooked_mutton":9,"minecraft:apple":2,"minecraft:wheat_seeds":4,"minecraft:gold_nugget":4,"minecraft:spruce_planks":51,"minecraft:iron_ingot":1,"minecraft:beef":3,"minecraft:light_gray_wool":1,"jewelry:ruby_ring":1,"minecraft:melon_slice":6,"minecraft:chest":1,"minecraft:birch_sapling":6,"minecraft:oak_planks":8,"farmersdelight:cabbage_seeds":1,"minecraft:egg":4,"minecraft:book":57,"minecraft:stick":94,"minecraft:raw_iron":1,"minecraft:cooked_porkchop":6,"paladins:prior_robe_chest":1,"farmersdelight:tomato_seeds":6,"minecraft:spruce_sapling":9,"minecraft:spruce_log":140,"minecraft:purple_terracotta":1,"minecraft:arrow":6,"minecraft:pumpkin_seeds":3,"minecraft:rotten_flesh":16,"minecraft:decorated_pot":1,"minecraft:beetroot_seeds":4,"minecraft:emerald":2,"minecraft:bread":10,"minecraft:oak_sapling":2,"minecraft:melon_seeds":1,"minecraft:mutton":8,"minecraft:white_wool":3,"minecraft:cobblestone":14},"minecraft:custom":{"minecraft:interact_with_furnace":2,"minecraft:mob_kills":32,"minecraft:interact_with_crafting_table":16,"minecraft:open_barrel":21,"minecraft:leave_game":1,"minecraft:time_since_death":1751,"minecraft:climb_one_cm":4272,"minecraft:sleep_in_bed":11,"minecraft:time_since_rest":1779,"minecraft:sprint_one_cm":437229,"minecraft:damage_absorbed":80,"minecraft:damage_taken":12484,"minecraft:walk_one_cm":324208,"minecraft:damage_blocked_by_shield":780,"minecraft:drop":32,"minecraft:damage_dealt":7303,"minecraft:swim_one_cm":10435,"minecraft:talked_to_villager":1,"minecraft:fly_one_cm":535841,"minecraft:open_chest":92,"minecraft:crouch_one_cm":10245,"minecraft:play_time":128745,"minecraft:deaths":35,"minecraft:sneak_time":4736,"minecraft:walk_under_water_one_cm":6204,"minecraft:jump":3008,"minecraft:walk_on_water_one_cm":9246,"minecraft:total_world_time":128745,"minecraft:fall_one_cm":62573},"minecraft:broken":{"minecraft:stone_axe":1,"minecraft:iron_helmet":1},"minecraft:crafted":{"minecraft:oak_planks":180,"minecraft:crafting_table":1,"minecraft:spruce_planks":196,"minecraft:wooden_pickaxe":1,"paladins:iron_claymore":1,"minecraft:birch_planks":56,"minecraft:stone_axe":1,"minecraft:iron_chestplate":1,"minecraft:shield":1,"minecraft:stick":12,"minecraft:stone_pickaxe":1,"minecraft:wooden_axe":1,"minecraft:stone_sword":1,"minecraft:chest":5},"minecraft:killed_by":{"minecraft:vindicator":15,"minecraft:player":1,"illagerinvasion:inquisitor":1,"illagerinvasion:basher":1,"minecraft:skeleton":6,"minecraft:pillager":5,"illagerinvasion:marauder":1,"illagerinvasion:provoker":1,"minecraft:illusioner":4},"minecraft:used":{"minecraft:birch_planks":2,"minecraft:stone_pickaxe":9,"minecraft:oak_planks":146,"minecraft:spruce_planks":59,"minecraft:wooden_pickaxe":8,"minecraft:chest":6,"minecraft:shield":12,"minecraft:golden_apple":2,"minecraft:dirt":27,"minecraft:crafting_table":2,"minecraft:red_bed":3,"rogues:iron_sickle":3,"rogues:iron_dagger":2,"minecraft:crossbow":7,"minecraft:wooden_axe":19,"minecraft:apple":2,"minecraft:melon_slice":4,"minecraft:bread":32,"paladins:iron_claymore":44,"paladins:iron_great_hammer":10,"minecraft:stone_axe":133,"minecraft:wooden_sword":13,"rogues:iron_glaive":63,"minecraft:cooked_porkchop":6,"minecraft:egg":1},"minecraft:dropped":{"minecraft:iron_ingot":1,"minecraft:brown_mushroom":2,"paladins:prior_robe_chest":1,"minecraft:birch_sapling":3,"minecraft:feather":2,"minecraft:rotten_flesh":7,"minecraft:oak_planks":3,"minecraft:lantern":1,"minecraft:rabbit_foot":1,"minecraft:golden_apple":3,"minecraft:stick":96,"minecraft:filled_map":1,"minecraft:dirt":1,"minecraft:iron_chestplate":1,"minecraft:wooden_axe":1,"minecraft:gold_nugget":4,"minecraft:spruce_log":10,"minecraft:wooden_pickaxe":1,"minecraft:egg":1},"minecraft:mined":{"minecraft:spruce_planks":1,"minecraft:brown_mushroom":1,"minecraft:red_bed":3,"minecraft:ladder":1,"minecraft:crafting_table":2,"minecraft:grass_block":4,"minecraft:decorated_pot":1,"minecraft:melon":2,"minecraft:chest":1,"minecraft:cobblestone":12,"minecraft:copper_ore":1,"minecraft:spruce_leaves":4,"minecraft:oak_planks":9,"minecraft:birch_log":10,"minecraft:iron_ore":1,"minecraft:spruce_log":113,"minecraft:grass":1,"minecraft:bookshelf":14,"minecraft:oak_log":11,"minecraft:gravel":1,"minecraft:dirt":10,"minecraft:stone":3,"minecraft:oak_leaves":4,"minecraft:fern":1}},"DataVersion":3465}