{"stats":{"minecraft:killed":{"naturalist:snake":1,"naturalist:lizard_tail":1,"minecraft:vindicator":1,"naturalist:robin":1,"minecraft:sheep":4,"minecraft:pillager":1,"minecraft:chicken":1,"minecraft:cow":1},"minecraft:picked_up":{"minecraft:birch_log":14,"minecraft:crafting_table":1,"minecraft:feather":2,"minecraft:chicken":1,"minecraft:brown_wool":1,"minecraft:brown_mushroom":3,"rogues:iron_glaive":1,"minecraft:oak_log":38,"naturalist:lizard_tail":1,"minecraft:dirt":33,"minecraft:string":3,"minecraft:raw_copper":3,"minecraft:apple":2,"minecraft:wheat_seeds":2,"minecraft:spruce_planks":1,"minecraft:iron_ingot":1,"minecraft:beef":3,"minecraft:light_gray_wool":1,"jewelry:ruby_ring":1,"minecraft:melon_slice":6,"minecraft:chest":1,"minecraft:birch_sapling":3,"minecraft:oak_planks":8,"minecraft:egg":2,"minecraft:book":57,"minecraft:stick":22,"minecraft:raw_iron":1,"minecraft:cooked_porkchop":6,"minecraft:spruce_sapling":9,"minecraft:spruce_log":113,"minecraft:purple_terracotta":1,"minecraft:bread":10,"minecraft:oak_sapling":2,"minecraft:mutton":8,"minecraft:white_wool":3,"minecraft:cobblestone":14},"minecraft:custom":{"minecraft:interact_with_furnace":2,"minecraft:mob_kills":11,"minecraft:interact_with_crafting_table":12,"minecraft:open_barrel":11,"minecraft:leave_game":1,"minecraft:time_since_death":8341,"minecraft:sleep_in_bed":4,"minecraft:time_since_rest":1368,"minecraft:sprint_one_cm":236771,"minecraft:damage_taken":8406,"minecraft:walk_one_cm":178429,"minecraft:damage_blocked_by_shield":660,"minecraft:drop":2,"minecraft:damage_dealt":3294,"minecraft:swim_one_cm":9832,"minecraft:fly_one_cm":263967,"minecraft:open_chest":46,"minecraft:crouch_one_cm":8043,"minecraft:play_time":68745,"minecraft:deaths":25,"minecraft:sneak_time":3579,"minecraft:walk_under_water_one_cm":5529,"minecraft:jump":1632,"minecraft:walk_on_water_one_cm":6655,"minecraft:total_world_time":68745,"minecraft:fall_one_cm":33145},"minecraft:broken":{"minecraft:stone_axe":1},"minecraft:crafted":{"minecraft:oak_planks":152,"minecraft:crafting_table":1,"minecraft:spruce_planks":64,"minecraft:wooden_pickaxe":1,"paladins:iron_claymore":1,"minecraft:birch_planks":56,"minecraft:stone_axe":1,"minecraft:shield":1,"minecraft:stick":12,"minecraft:stone_pickaxe":1,"minecraft:wooden_axe":1,"minecraft:stone_sword":1,"minecraft:chest":1},"minecraft:killed_by":{"minecraft:vindicator":13,"minecraft:skeleton":4,"minecraft:pillager":4,"minecraft:illusioner":4},"minecraft:used":{"minecraft:birch_planks":2,"minecraft:stone_pickaxe":9,"minecraft:oak_planks":139,"minecraft:spruce_planks":22,"minecraft:wooden_pickaxe":8,"minecraft:chest":2,"minecraft:shield":11,"minecraft:dirt":25,"minecraft:crafting_table":1,"minecraft:wooden_axe":19,"minecraft:apple":2,"minecraft:bread":12,"paladins:iron_claymore":16,"minecraft:stone_axe":133,"minecraft:wooden_sword":13,"rogues:iron_glaive":30,"minecraft:cooked_porkchop":2},"minecraft:dropped":{"minecraft:brown_mushroom":1,"paladins:prior_robe_chest":1},"minecraft:mined":{"minecraft:brown_mushroom":1,"minecraft:crafting_table":1,"minecraft:grass_block":2,"minecraft:melon":2,"minecraft:chest":1,"minecraft:cobblestone":12,"minecraft:copper_ore":1,"minecraft:spruce_leaves":2,"minecraft:oak_planks":9,"minecraft:birch_log":10,"minecraft:iron_ore":1,"minecraft:spruce_log":112,"minecraft:grass":1,"minecraft:bookshelf":14,"minecraft:oak_log":11,"minecraft:dirt":10,"minecraft:stone":3,"minecraft:oak_leaves":4,"minecraft:fern":1}},"DataVersion":3465}