{"stats":{"minecraft:killed_by":{"minecraft:zombified_piglin":1,"minecraft:wither_skeleton":8,"illagerinvasion:basher":1,"minecraft:creeper":1,"minecraft:pillager":5,"minecraft:vindicator":15,"minecraft:zombie":1,"minecraft:illusioner":4,"minecraft:player":1,"minecraft:hoglin":3,"illagerinvasion:inquisitor":1,"minecraft:skeleton":15,"minecraft:phantom":1,"illagerinvasion:marauder":1,"illagerinvasion:provoker":1},"minecraft:custom":{"minecraft:animals_bred":2,"minecraft:interact_with_crafting_table":54,"minecraft:open_barrel":140,"minecraft:bell_ring":1,"minecraft:eat_cake_slice":1,"minecraft:leave_game":4,"minecraft:time_since_death":13126,"minecraft:sprint_one_cm":1253926,"minecraft:damage_blocked_by_shield":1665,"minecraft:drop":262,"minecraft:talked_to_villager":7,"minecraft:play_time":479219,"minecraft:deaths":61,"minecraft:interact_with_brewingstand":2,"minecraft:jump":7691,"minecraft:walk_on_water_one_cm":64054,"minecraft:interact_with_furnace":20,"minecraft:sleep_in_bed":36,"minecraft:damage_dealt":81539,"minecraft:crouch_one_cm":34698,"minecraft:interact_with_smoker":2,"minecraft:interact_with_smithing_table":3,"minecraft:interact_with_anvil":2,"minecraft:mob_kills":197,"minecraft:climb_one_cm":28524,"minecraft:walk_one_cm":1130698,"minecraft:sneak_time":17650,"minecraft:walk_under_water_one_cm":63031,"minecraft:boat_one_cm":413099,"minecraft:interact_with_blast_furnace":2,"minecraft:total_world_time":479219,"minecraft:tune_noteblock":1,"minecraft:time_since_rest":13154,"minecraft:damage_taken":27536,"minecraft:damage_absorbed":121,"minecraft:swim_one_cm":227299,"minecraft:fly_one_cm":1554855,"minecraft:open_chest":388,"minecraft:fall_one_cm":185289},"minecraft:crafted":{"minecraft:oak_planks":220,"betternether:flaming_ruby_helmet":1,"bagofholding:golden_bag_of_holding":2,"minecraft:cooked_mutton":15,"betternether:nether_ruby_helmet":1,"minecraft:chest":8,"minecraft:crafting_table":6,"minecraft:spruce_planks":232,"minecraft:wooden_pickaxe":1,"betternether:flaming_ruby_boots":1,"runes:fire_stone":10,"paladins:iron_claymore":1,"minecraft:birch_planks":56,"minecraft:iron_chestplate":1,"minecraft:charcoal":8,"minecraft:shield":1,"minecraft:stick":20,"minecraft:iron_pickaxe":1,"minecraft:stone_sword":1,"betternether:nether_ruby_chestplate":1,"wizards:wand_fire":1,"betternether:flaming_ruby_chestplate":1,"ecologics:coconut_planks":12,"minecraft:iron_axe":1,"minecraft:stone_pickaxe":1,"minecraft:spruce_boat":2,"bagofholding:leather_bag_of_holding":2,"minecraft:dark_oak_planks":8,"ecologics:coconut_boat":3,"minecraft:bucket":1,"minecraft:stone_axe":1,"minecraft:bread":16,"minecraft:air":0,"betternether:nether_ruby_boots":1,"minecraft:oak_boat":5,"bagofholding:iron_bag_of_holding":2,"minecraft:wooden_axe":2,"minecraft:acacia_planks":80},"minecraft:dropped":{"farmersdelight:iron_knife":1,"minecraft:iron_sword":8,"minecraft:brown_mushroom":2,"minecraft:porkchop":22,"jewelry:ruby_ring":1,"wizards:staff_wizard":1,"minecraft:baked_potato":48,"minecraft:cookie":75,"minecraft:warped_roots":2,"minecraft:lantern":1,"minecraft:leather":12,"minecraft:leather_helmet":6,"minecraft:emerald":2,"minecraft:dirt":3,"minecraft:cornflower":2,"farmersdelight:onion":16,"minecraft:gold_nugget":4,"minecraft:phantom_membrane":1,"minecraft:sand":2,"minecraft:dark_oak_planks":4,"minecraft:white_wool":22,"minecraft:gold_ingot":37,"farmersdelight:mutton_chops":42,"minecraft:bone":37,"minecraft:gravel":1,"minecraft:birch_sapling":3,"minecraft:wheat":144,"minecraft:rotten_flesh":21,"minecraft:oak_planks":67,"wizards:wand_fire":1,"minecraft:cooked_mutton":12,"minecraft:carrot":54,"minecraft:rabbit_foot":1,"supplementaries:flax_seeds":6,"minecraft:gunpowder":72,"minecraft:leather_boots":2,"ecologics:coconut_husk":1,"minecraft:leather_leggings":5,"minecraft:iron_bars":1,"minecraft:arrow":4,"wizards:fire_spell_book":3,"minecraft:netherrack":65,"minecraft:egg":1,"minecraft:iron_ingot":17,"minecraft:bread":68,"minecraft:wheat_seeds":1,"minecraft:golden_horse_armor":3,"minecraft:dripstone_block":1,"minecraft:feather":2,"minecraft:cobblestone":3,"minecraft:book":1,"minecraft:spectral_arrow":2,"minecraft:apple":195,"betternether:flaming_ruby_sword":1,"minecraft:coal":4,"minecraft:golden_apple":3,"minecraft:stick":96,"minecraft:blackstone_wall":3,"minecraft:wooden_axe":1,"minecraft:brown_wool":2,"minecraft:iron_leggings":3,"minecraft:string":17,"minecraft:bucket":4,"minecraft:acacia_planks":6,"betternether:cincinnasite_lantern":2,"ecologics:coconut_planks":6,"minecraft:sweet_berries":6,"minecraft:cocoa_beans":8,"paladins:prior_robe_chest":2,"minecraft:experience_bottle":14,"jewelry:citrine_ring":1,"minecraft:iron_boots":2,"minecraft:pumpkin_seeds":6,"minecraft:lily_of_the_valley":1,"minecraft:filled_map":1,"betternether:cincinnasite_sword":1,"minecraft:spruce_boat":1,"minecraft:spruce_planks":184,"minecraft:iron_chestplate":2,"minecraft:light_gray_bed":2,"minecraft:oak_sapling":12,"paladins:acolyte_wand":1,"minecraft:birch_sign":2,"minecraft:spider_eye":2,"minecraft:bamboo":8,"minecraft:spruce_log":55,"minecraft:bow":2,"minecraft:wooden_pickaxe":1,"farmersdelight:ham":2},"minecraft:picked_up":{"minecraft:wooden_axe":1,"minecraft:iron_chestplate":3,"minecraft:wheat":192,"illagerinvasion:platinum_chunk":1,"betternether:pig_statue_respawner":1,"rogues:iron_glaive":1,"minecraft:potion":1,"betternether:blue_obsidian":2,"minecraft:string":24,"minecraft:raw_copper":3,"minecraft:iron_leggings":5,"minecraft:shroomlight":1,"minecraft:experience_bottle":1,"betternether:netherrack_furnace":4,"minecraft:gold_nugget":7,"bosses_of_mass_destruction:soul_star":1,"minecraft:bucket":5,"minecraft:spruce_planks":215,"rogues:rogue_armor_legs":1,"minecraft:calcite":10,"minecraft:iron_pickaxe":1,"minecraft:melon_slice":6,"betternether:quartz_glass_framed_pane":4,"farmersdelight:cabbage_seeds":1,"minecraft:iron_boots":4,"minecraft:tipped_arrow":1,"minecraft:stick":98,"betternether:bone_cincinnasite_door":2,"minecraft:jukebox":1,"minecraft:torch":7,"minecraft:acacia_log":35,"wizards:fire_spell_book":3,"minecraft:porkchop":84,"minecraft:target":1,"minecraft:yellow_banner":1,"minecraft:blue_glazed_terracotta":1,"minecraft:rotten_flesh":46,"minecraft:light_gray_bed":7,"betternether:cincinnasite_lantern_small":3,"farmersdelight:onion":16,"minecraft:blackstone_wall":6,"betternether:farmland":5,"ecologics:coconut_log":3,"paladins:priest_robe_head":1,"minecraft:obsidian":14,"minecraft:iron_bars":2,"betternether:cincinnasite_bars":2,"minecraft:cobblestone":36,"minecraft:birch_log":14,"minecraft:feather":4,"jewelry:gold_ring":1,"minecraft:water_bucket":1,"ecologics:coconut_planks":17,"minecraft:brown_wool":3,"minecraft:flint":1,"supplementaries:flax_seeds":9,"betternether:wart_seed":4,"betternether:nether_reed_fence":1,"minecraft:wither_skeleton_skull":3,"naturalist:lizard_tail":1,"minecraft:dirt":89,"minecraft:lantern":1,"farmersdelight:mutton_chops":42,"wizards:wizard_robe_chest":1,"wizards:wand_novice":1,"minecraft:leather_boots":1,"minecraft:bone":98,"minecraft:acacia_planks":36,"farmersdelight:iron_knife":1,"minecraft:bow":1,"minecraft:wheat_seeds":6,"paladins:acolyte_wand":1,"minecraft:bamboo":12,"minecraft:oak_planks":63,"minecraft:cooked_porkchop":12,"betternether:weeping_obsidian":2,"paladins:prior_robe_chest":1,"minecraft:stripped_acacia_wood":1,"minecraft:sand":2,"ecologics:coconut_husk":1,"minecraft:lily_of_the_valley":2,"farmersdelight:ham":3,"minecraft:spectral_arrow":1,"minecraft:mossy_cobblestone":2,"minecraft:dark_prismarine":9,"minecraft:polished_andesite":1,"minecraft:diamond":1,"betternether:cincinnasite_lantern":3,"minecraft:crossbow":1,"minecraft:emerald":29,"minecraft:golden_horse_armor":4,"minecraft:bread":151,"minecraft:oak_sapling":16,"minecraft:netherrack":123,"minecraft:cocoa_beans":10,"minecraft:crafting_table":2,"minecraft:chicken":1,"minecraft:ladder":2,"wizards:wand_fire":1,"archers:flint_spear":1,"betternether:nether_reed_roof_stairs":2,"minecraft:nether_wart":18,"minecraft:leather_leggings":8,"minecraft:brown_mushroom":4,"minecraft:wooden_pickaxe":1,"betternether:flaming_ruby_sword":1,"minecraft:cornflower":2,"minecraft:oak_trapdoor":2,"minecraft:red_bed":11,"supplementaries:globe":1,"minecraft:flint_and_steel":1,"minecraft:item_frame":1,"minecraft:netherite_sword":1,"minecraft:dark_prismarine_stairs":2,"minecraft:beef":3,"minecraft:oak_boat":1,"minecraft:player_head":3,"minecraft:light_gray_wool":1,"minecraft:spruce_slab":1,"minecraft:chest":1,"minecraft:birch_sapling":6,"minecraft:phantom_membrane":2,"minecraft:egg":4,"minecraft:raw_iron":1,"betternether:nether_brick_wall":1,"betternether:cincinnasite_sword":1,"runes:fire_stone":1,"farmersdelight:tomato_seeds":6,"minecraft:cookie":109,"minecraft:carrot":81,"minecraft:purple_terracotta":1,"minecraft:dark_oak_planks":13,"minecraft:tnt":61,"betternether:cincinnasite_stairs":8,"minecraft:arrow":25,"minecraft:decorated_pot":1,"minecraft:beetroot_seeds":4,"minecraft:stripped_dark_oak_wood":2,"minecraft:gold_ingot":47,"minecraft:polished_blackstone":1,"betternether:chest_of_drawers":6,"betternether:cincinnasite_fire_bowl":3,"minecraft:mutton":23,"minecraft:white_wool":38,"rogues:stone_double_axe":2,"minecraft:netherite_boots":1,"minecraft:leather":17,"minecraft:red_glazed_terracotta":6,"minecraft:acacia_wood":12,"minecraft:oak_log":55,"minecraft:gunpowder":72,"betternether:cincinnasite_pedestal":1,"minecraft:white_banner":1,"minecraft:cooked_mutton":21,"minecraft:apple":242,"minecraft:kelp":3,"minecraft:iron_ingot":36,"jewelry:ruby_ring":1,"minecraft:iron_sword":6,"minecraft:acacia_sapling":10,"minecraft:dark_oak_stairs":4,"minecraft:book":108,"paladins:iron_claymore":2,"minecraft:dark_oak_slab":1,"minecraft:sweet_berries":6,"minecraft:red_wool":1,"minecraft:quartz":32,"minecraft:dripstone_block":1,"betternether:bone_tile":5,"minecraft:gravel":19,"minecraft:birch_stairs":1,"minecraft:spruce_sapling":9,"minecraft:spruce_log":185,"minecraft:crying_obsidian":1,"betternether:cincinnasite_forged":3,"minecraft:spider_eye":2,"minecraft:leather_helmet":8,"minecraft:pumpkin_seeds":12,"minecraft:slime_ball":21,"betternether:cincinnasite_forge":3,"minecraft:stripped_jungle_wood":2,"minecraft:birch_sign":2,"minecraft:warped_roots":2,"minecraft:baked_potato":48,"minecraft:damaged_anvil":1,"minecraft:melon_seeds":1,"minecraft:coal":55,"betternether:nether_reed_roof":2},"minecraft:mined":{"minecraft:dark_oak_planks":17,"minecraft:dark_prismarine_stairs":2,"betternether:netherrack_furnace":4,"minecraft:large_amethyst_bud":1,"minecraft:spruce_planks":1,"betternether:cincinnasite_pedestal":1,"minecraft:granite":1,"minecraft:acacia_log":37,"minecraft:grass_block":44,"minecraft:light_gray_bed":4,"betternether:nether_brick_wall":1,"minecraft:nether_wart":5,"minecraft:spawner":10,"minecraft:iron_ore":1,"minecraft:target":1,"minecraft:stripped_dark_oak_wood":2,"minecraft:dark_oak_stairs":1,"minecraft:dirt_path":2,"minecraft:small_amethyst_bud":2,"minecraft:iron_bars":2,"betternether:wart_seed":4,"minecraft:birch_wall_sign":1,"betternether:cincinnasite_fire_bowl":3,"minecraft:white_banner":1,"minecraft:player_head":3,"minecraft:spruce_slab":1,"minecraft:brown_mushroom":1,"minecraft:red_bed":8,"minecraft:calcite":10,"minecraft:melon":2,"minecraft:chest":1,"betternether:cincinnasite_forged":3,"minecraft:nether_quartz_ore":4,"minecraft:cobblestone":12,"minecraft:oak_planks":18,"minecraft:damaged_anvil":1,"betternether:farmland":5,"minecraft:wall_torch":1,"minecraft:dark_oak_slab":3,"minecraft:birch_log":10,"minecraft:jukebox":1,"minecraft:tnt":61,"minecraft:grass":15,"minecraft:oak_log":22,"minecraft:sand":2,"minecraft:dirt":25,"minecraft:netherrack":64,"minecraft:oak_leaves":4,"minecraft:dark_prismarine":4,"betternether:cincinnasite_forge":3,"minecraft:yellow_wall_banner":1,"minecraft:mossy_cobblestone":2,"minecraft:blackstone_wall":5,"minecraft:ladder":1,"minecraft:decorated_pot":1,"minecraft:stripped_jungle_wood":3,"ecologics:coconut_log":3,"betternether:cincinnasite_bars":2,"minecraft:spruce_leaves":12,"minecraft:moss_block":8,"betternether:cincinnasite_wall":1,"minecraft:acacia_wood":12,"betternether:quartz_glass_framed_pane":4,"betternether:pig_statue_respawner":1,"minecraft:bookshelf":14,"minecraft:shroomlight":1,"minecraft:blue_glazed_terracotta":1,"minecraft:stone":31,"minecraft:white_wool":8,"minecraft:oak_slab":1,"minecraft:red_wool":1,"betternether:cincinnasite_lantern":3,"betternether:cincinnasite_stairs":8,"minecraft:crafting_table":2,"betternether:nether_reed_fence":2,"minecraft:copper_ore":1,"minecraft:tall_grass":2,"minecraft:red_glazed_terracotta":6,"minecraft:spruce_log":113,"betternether:cincinnasite_lantern_small":3,"betternether:bone_tile":6,"minecraft:coal_ore":34,"minecraft:gravel":29,"minecraft:dripstone_block":40,"betternether:chest_of_drawers":6,"minecraft:acacia_planks":12,"minecraft:polished_andesite":1,"minecraft:polished_blackstone":1,"minecraft:fern":1},"minecraft:used":{"minecraft:spruce_slab":1,"minecraft:chest":8,"minecraft:shield":23,"minecraft:nether_wart":5,"rogues:stone_double_axe":5,"minecraft:player_head":1,"minecraft:iron_chestplate":1,"rogues:iron_dagger":10,"betternether:flaming_ruby_sword":1446,"minecraft:obsidian":7,"minecraft:spruce_boat":1,"bagofholding:golden_bag_of_holding":56,"minecraft:red_wool":2,"paladins:iron_claymore":123,"archers:iron_spear":50,"minecraft:dark_oak_slab":1,"rogues:iron_glaive":158,"paladins:golden_kite_shield":2,"minecraft:egg":1,"archers:flint_spear":3,"bagofholding:leather_bag_of_holding":36,"paladins:ruby_great_hammer":1,"minecraft:damaged_anvil":1,"minecraft:stone_pickaxe":9,"minecraft:oak_planks":146,"minecraft:wooden_pickaxe":8,"minecraft:cookie":34,"minecraft:golden_apple":3,"rogues:iron_sickle":3,"minecraft:crossbow":7,"minecraft:melon_slice":4,"minecraft:bread":104,"wizards:wand_fire":2,"farmersdelight:ham":1,"minecraft:wooden_sword":13,"minecraft:oak_boat":6,"minecraft:experience_bottle":1,"bagofholding:iron_bag_of_holding":60,"minecraft:spruce_planks":71,"minecraft:netherrack":115,"minecraft:dirt":66,"minecraft:dark_oak_planks":7,"minecraft:wooden_axe":21,"minecraft:iron_axe":114,"ecologics:coconut_boat":3,"minecraft:acacia_planks":26,"minecraft:light_gray_bed":5,"minecraft:cooked_mutton":17,"minecraft:yellow_banner":1,"minecraft:water_bucket":10,"minecraft:birch_planks":2,"minecraft:baked_potato":2,"minecraft:crafting_table":7,"minecraft:red_bed":11,"minecraft:dark_prismarine":8,"wizards:staff_ruby_fire":1,"minecraft:apple":6,"minecraft:iron_pickaxe":286,"minecraft:suspicious_stew":1,"paladins:iron_great_hammer":10,"minecraft:stone_axe":133,"minecraft:cobblestone":3,"minecraft:white_banner":1,"minecraft:cooked_porkchop":9,"minecraft:bucket":9,"minecraft:pumpkin_pie":4,"minecraft:jukebox":1},"minecraft:killed":{"naturalist:zebra":1,"minecraft:zombified_piglin":2,"minecraft:spider":6,"naturalist:robin":1,"minecraft:skeleton":15,"minecraft:chicken":1,"illagerinvasion:provoker":1,"ecologics:coconut_crab":2,"minecraft:piglin":1,"naturalist:snake":1,"minecraft:sheep":15,"minecraft:pillager":6,"minecraft:zombie":17,"minecraft:donkey":1,"minecraft:cow":1,"minecraft:vindicator":4,"minecraft:slime":13,"minecraft:phantom":1,"naturalist:coral_snake":1,"minecraft:drowned":1,"naturalist:lizard_tail":1,"minecraft:hoglin":28,"minecraft:wither_skeleton":67},"minecraft:broken":{"minecraft:iron_boots":1,"minecraft:stone_axe":1,"minecraft:iron_helmet":1}},"DataVersion":3465}