{"stats":{"minecraft:custom":{"minecraft:jump":70,"minecraft:time_since_rest":4879,"minecraft:damage_dealt":40,"minecraft:crouch_one_cm":110,"minecraft:sprint_one_cm":13457,"minecraft:leave_game":1,"minecraft:play_time":4879,"minecraft:damage_taken":80,"minecraft:time_since_death":4879,"minecraft:walk_one_cm":9522,"minecraft:climb_one_cm":270,"minecraft:sneak_time":48,"minecraft:total_world_time":4879,"minecraft:fall_one_cm":1949,"minecraft:fly_one_cm":7726},"minecraft:used":{"minecraft:wooden_sword":2}},"DataVersion":3465}