{"stats":{"minecraft:killed_by":{"minecraft:player":1,"graveyard:skeleton_creeper":1},"minecraft:custom":{"minecraft:time_since_rest":2238,"minecraft:open_chest":2,"minecraft:crouch_one_cm":2221,"minecraft:play_time":18488,"minecraft:sprint_one_cm":49564,"minecraft:walk_one_cm":39890,"minecraft:damage_taken":1282,"minecraft:deaths":2,"minecraft:damage_blocked_by_shield":240,"minecraft:sneak_time":1977,"minecraft:mob_kills":3,"minecraft:drop":3,"minecraft:jump":258,"minecraft:damage_dealt":912,"minecraft:leave_game":2,"minecraft:time_since_death":2202,"minecraft:sleep_in_bed":1,"minecraft:total_world_time":18488,"minecraft:climb_one_cm":270,"minecraft:fly_one_cm":39855,"minecraft:talked_to_villager":1,"minecraft:fall_one_cm":7982},"minecraft:picked_up":{"minecraft:rotten_flesh":6,"minecraft:cobbled_deepslate":3,"minecraft:gravel":3,"farmersdelight:tomato_seeds":1,"supplementaries:ash":7,"farmersdelight:tomato":2,"minecraft:cobblestone":1},"minecraft:dropped":{"supplementaries:ash":3},"minecraft:mined":{"supplementaries:urn":1},"minecraft:used":{"minecraft:wooden_sword":34,"minecraft:bread":2,"minecraft:shield":1},"minecraft:killed":{"minecraft:zombie":3}},"DataVersion":3465}