{
  "rpg_series:root": {
    "criteria": {
      "always": "2024-10-29 09:12:16 +0000"
    },
    "done": true
  },
  "minecraft:recipes/decorations/crafting_table": {
    "criteria": {
      "unlock_right_away": "2024-10-29 09:12:16 +0000"
    },
    "done": true
  },
  "dungeons_arise:wda_root": {
    "criteria": {
      "WDA": "2024-10-29 09:12:16 +0000"
    },
    "done": true
  },
  "betterdungeons:root": {
    "criteria": {
      "always": "2024-10-29 09:12:16 +0000"
    },
    "done": true
  },
  "betterdeserttemples:root": {
    "criteria": {
      "always": "2024-10-29 09:12:16 +0000"
    },
    "done": true
  },
  "naturalist:recipes/food/cooked_egg": {
    "criteria": {
      "has_eggs": "2024-10-29 09:12:18 +0000"
    },
    "done": true
  },
  "betternether:root": {
    "criteria": {
      "welcome": "2024-10-29 09:12:16 +0000"
    },
    "done": true
  },
  "betterend:root": {
    "criteria": {
      "welcome": "2024-10-29 09:12:16 +0000"
    },
    "done": true
  },
  "farmersdelight:main/root": {
    "criteria": {
      "seeds": "2024-10-29 09:12:18 +0000"
    },
    "done": true
  },
  "minecraft:adventure/adventuring_time": {
    "criteria": {
      "minecraft:windswept_gravelly_hills": "2024-10-29 09:12:16 +0000"
    },
    "done": false
  },
  "minecraft:story/deflect_arrow": {
    "criteria": {
      "deflected_projectile": "2024-10-29 09:15:52 +0000"
    },
    "done": true
  },
  "minecraft:adventure/root": {
    "criteria": {
      "killed_by_something": "2024-10-29 09:16:39 +0000"
    },
    "done": true
  },
  "farmersdelight:recipes/cooking/dog_food": {
    "criteria": {
      "has_any_ingredient": "2024-10-29 09:16:37 +0000"
    },
    "done": true
  },
  "farmersdelight:recipes/building_blocks/organic_compost_from_rotten_flesh": {
    "criteria": {
      "has_rotten_flesh": "2024-10-29 09:16:37 +0000"
    },
    "done": true
  },
  "minecraft:recipes/decorations/chest": {
    "criteria": {
      "has_lots_of_items": "2024-10-29 09:15:20 +0000"
    },
    "done": true
  },
  "supplementaries:recipes/speaker_block": {
    "criteria": {
      "has_emerald": "2024-10-29 09:12:19 +0000"
    },
    "done": true
  },
  "minecraft:recipes/building_blocks/emerald_block": {
    "criteria": {
      "has_emerald": "2024-10-29 09:12:19 +0000"
    },
    "done": true
  },
  "minecraft:recipes/brewing/golden_carrot": {
    "criteria": {
      "has_gold_nugget": "2024-10-29 09:12:18 +0000"
    },
    "done": true
  },
  "minecraft:recipes/misc/gold_ingot_from_nuggets": {
    "criteria": {
      "has_gold_nugget": "2024-10-29 09:12:18 +0000"
    },
    "done": true
  },
  "supplementaries:recipes/key": {
    "criteria": {
      "has_gold_nugget": "2024-10-29 09:12:18 +0000"
    },
    "done": true
  },
  "minecells:book/mobs/sewers_tentacle": {
    "criteria": {
      "requirement": "2024-10-29 09:19:54 +0000"
    },
    "done": true
  },
  "minecells:book/mobs/runner": {
    "criteria": {
      "requirement": "2024-10-29 09:20:18 +0000"
    },
    "done": true
  },
  "minecells:book/mobs/sweeper": {
    "criteria": {
      "requirement": "2024-10-29 09:19:37 +0000"
    },
    "done": true
  },
  "minecells:book/mobs/protector": {
    "criteria": {
      "requirement": "2024-10-29 09:18:10 +0000"
    },
    "done": true
  },
  "minecells:book/mobs/inquisitor": {
    "criteria": {
      "requirement": "2024-10-29 09:17:28 +0000"
    },
    "done": true
  },
  "minecells:book/mobs/mutated_bat": {
    "criteria": {
      "requirement": "2024-10-29 09:17:40 +0000"
    },
    "done": true
  },
  "minecells:unlock/kill_a_leaping_zombie": {
    "criteria": {
      "leaping_zombie_killed": "2024-10-29 09:18:19 +0000"
    },
    "done": true
  },
  "minecells:book/mobs/leaping_zombie": {
    "criteria": {
      "requirement": "2024-10-29 09:18:19 +0000"
    },
    "done": true
  },
  "minecells:book/mobs/shieldbearer": {
    "criteria": {
      "requirement": "2024-10-29 09:18:51 +0000"
    },
    "done": true
  },
  "minecells:book/mobs/buzzcutter": {
    "criteria": {
      "requirement": "2024-10-29 09:17:51 +0000"
    },
    "done": true
  },
  "DataVersion": 3465
}