{
  "rpg_series:root": {
    "criteria": {
      "always": "2024-10-28 20:32:01 +0000"
    },
    "done": true
  },
  "minecraft:recipes/decorations/crafting_table": {
    "criteria": {
      "unlock_right_away": "2024-10-28 20:32:01 +0000"
    },
    "done": true
  },
  "dungeons_arise:wda_root": {
    "criteria": {
      "WDA": "2024-10-28 20:32:01 +0000"
    },
    "done": true
  },
  "betterdungeons:root": {
    "criteria": {
      "always": "2024-10-28 20:32:01 +0000"
    },
    "done": true
  },
  "betterdeserttemples:root": {
    "criteria": {
      "always": "2024-10-28 20:32:01 +0000"
    },
    "done": true
  },
  "naturalist:recipes/food/cooked_egg": {
    "criteria": {
      "has_eggs": "2024-10-28 20:32:02 +0000"
    },
    "done": true
  },
  "betternether:root": {
    "criteria": {
      "welcome": "2024-10-28 20:32:02 +0000"
    },
    "done": true
  },
  "betterend:root": {
    "criteria": {
      "welcome": "2024-10-28 20:32:02 +0000"
    },
    "done": true
  },
  "farmersdelight:main/root": {
    "criteria": {
      "seeds": "2024-10-28 20:32:02 +0000"
    },
    "done": true
  },
  "minecraft:adventure/adventuring_time": {
    "criteria": {
      "minecraft:snowy_slopes": "2024-10-28 20:39:21 +0000",
      "minecraft:savanna_plateau": "2024-10-28 20:37:55 +0000",
      "minecraft:lukewarm_ocean": "2024-10-28 20:35:19 +0000",
      "minecraft:stony_shore": "2024-10-28 20:35:18 +0000",
      "minecraft:forest": "2024-10-28 20:37:57 +0000",
      "minecraft:savanna": "2024-10-28 20:37:47 +0000",
      "minecraft:plains": "2024-10-28 20:32:02 +0000"
    },
    "done": false
  },
  "minecraft:recipes/misc/charcoal": {
    "criteria": {
      "has_log": "2024-10-28 20:37:18 +0000"
    },
    "done": true
  },
  "minecraft:recipes/building_blocks/oak_planks": {
    "criteria": {
      "has_logs": "2024-10-28 20:37:18 +0000"
    },
    "done": true
  },
  "minecraft:recipes/building_blocks/oak_wood": {
    "criteria": {
      "has_log": "2024-10-28 20:37:18 +0000"
    },
    "done": true
  },
  "supplementaries:recipes/flower_box": {
    "criteria": {
      "has_dirt": "2024-10-28 20:37:47 +0000"
    },
    "done": true
  },
  "minecraft:story/deflect_arrow": {
    "criteria": {
      "deflected_projectile": "2024-10-28 20:37:53 +0000"
    },
    "done": true
  },
  "minecraft:adventure/kill_all_mobs": {
    "criteria": {
      "minecraft:skeleton": "2024-10-28 20:38:01 +0000",
      "minecraft:zombie": "2024-10-28 20:39:48 +0000"
    },
    "done": false
  },
  "minecraft:adventure/root": {
    "criteria": {
      "killed_something": "2024-10-28 20:38:01 +0000"
    },
    "done": true
  },
  "minecraft:adventure/kill_a_mob": {
    "criteria": {
      "minecraft:skeleton": "2024-10-28 20:38:01 +0000"
    },
    "done": true
  },
  "farmersdelight:recipes/cooking/dog_food": {
    "criteria": {
      "has_any_ingredient": "2024-10-28 20:39:51 +0000"
    },
    "done": true
  },
  "farmersdelight:recipes/building_blocks/organic_compost_from_rotten_flesh": {
    "criteria": {
      "has_rotten_flesh": "2024-10-28 20:39:51 +0000"
    },
    "done": true
  },
  "minecraft:recipes/food/cooked_mutton_from_smoking": {
    "criteria": {
      "has_mutton": "2024-10-29 02:47:51 +0000"
    },
    "done": true
  },
  "betterend:recipes/misc/flavolite_slab_stonecutting": {
    "criteria": {
      "has_block.betterend.flavolite": "2024-10-29 02:48:53 +0000"
    },
    "done": true
  },
  "minecraft:story/mine_stone": {
    "criteria": {
      "get_stone": "2024-10-29 02:48:53 +0000"
    },
    "done": true
  },
  "minecraft:recipes/decorations/furnace": {
    "criteria": {
      "has_cobblestone": "2024-10-29 02:48:53 +0000"
    },
    "done": true
  },
  "betterend:recipes/misc/flavolite_wall_stonecutting": {
    "criteria": {
      "has_block.betterend.flavolite": "2024-10-29 02:48:53 +0000"
    },
    "done": true
  },
  "betterend:recipes/misc/flavolite_brick_wall_stonecutting": {
    "criteria": {
      "has_block.betterend.flavolite": "2024-10-29 02:48:53 +0000"
    },
    "done": true
  },
  "minecraft:recipes/decorations/chest": {
    "criteria": {
      "has_lots_of_items": "2024-10-29 02:48:39 +0000"
    },
    "done": true
  },
  "betterend:recipes/misc/flavolite_brick_slab_stonecutting": {
    "criteria": {
      "has_block.betterend.flavolite": "2024-10-29 02:48:53 +0000"
    },
    "done": true
  },
  "betterend:recipes/misc/flavolite_furnace": {
    "criteria": {
      "has_flavolite": "2024-10-29 02:48:53 +0000"
    },
    "done": true
  },
  "betterend:recipes/misc/end_glass_smelting": {
    "criteria": {
      "has_block.betterend.endstone_dust": "2024-10-29 02:48:39 +0000"
    },
    "done": true
  },
  "minecraft:recipes/tools/stone_pickaxe": {
    "criteria": {
      "has_cobblestone": "2024-10-29 02:48:53 +0000"
    },
    "done": true
  },
  "betterend:recipes/misc/flavolite_brick_stair_stonecutting": {
    "criteria": {
      "has_block.betterend.flavolite": "2024-10-29 02:48:53 +0000"
    },
    "done": true
  },
  "betterend:recipes/misc/flavolite_wall": {
    "criteria": {
      "has_flavolite": "2024-10-29 02:48:53 +0000"
    },
    "done": true
  },
  "betterend:recipes/misc/flavolite_tiles_stonecutting": {
    "criteria": {
      "has_block.betterend.flavolite": "2024-10-29 02:48:53 +0000"
    },
    "done": true
  },
  "minecraft:recipes/decorations/white_bed": {
    "criteria": {
      "has_white_wool": "2024-10-29 02:46:51 +0000"
    },
    "done": true
  },
  "minecraft:recipes/tools/stone_shovel": {
    "criteria": {
      "has_cobblestone": "2024-10-29 02:48:53 +0000"
    },
    "done": true
  },
  "betterend:recipes/misc/flavolite_pillar_stonecutting": {
    "criteria": {
      "has_block.betterend.flavolite": "2024-10-29 02:48:53 +0000"
    },
    "done": true
  },
  "supplementaries:recipes/flags/flag_white": {
    "criteria": {
      "has_white_wool": "2024-10-29 02:46:51 +0000"
    },
    "done": true
  },
  "minecraft:recipes/redstone/lever": {
    "criteria": {
      "has_cobblestone": "2024-10-29 02:48:53 +0000"
    },
    "done": true
  },
  "minecraft:recipes/combat/stone_sword": {
    "criteria": {
      "has_cobblestone": "2024-10-29 02:48:53 +0000"
    },
    "done": true
  },
  "minecraft:recipes/tools/stone_axe": {
    "criteria": {
      "has_cobblestone": "2024-10-29 02:48:53 +0000"
    },
    "done": true
  },
  "betterend:recipes/misc/flavolite_bricks": {
    "criteria": {
      "has_flavolite": "2024-10-29 02:48:53 +0000"
    },
    "done": true
  },
  "betterend:recipes/misc/flavolite_polished_stonecutting": {
    "criteria": {
      "has_block.betterend.flavolite": "2024-10-29 02:48:53 +0000"
    },
    "done": true
  },
  "minecraft:recipes/decorations/painting": {
    "criteria": {
      "has_wool": "2024-10-29 02:46:51 +0000"
    },
    "done": true
  },
  "betterend:recipes/misc/flavolite_stairs_stonecutting": {
    "criteria": {
      "has_block.betterend.flavolite": "2024-10-29 02:48:53 +0000"
    },
    "done": true
  },
  "minecraft:recipes/decorations/white_carpet": {
    "criteria": {
      "has_white_wool": "2024-10-29 02:46:51 +0000"
    },
    "done": true
  },
  "betterend:recipes/misc/flavolite_stairs": {
    "criteria": {
      "has_flavolite": "2024-10-29 02:48:53 +0000"
    },
    "done": true
  },
  "minecraft:recipes/food/cooked_mutton": {
    "criteria": {
      "has_mutton": "2024-10-29 02:47:51 +0000"
    },
    "done": true
  },
  "minecraft:recipes/decorations/white_banner": {
    "criteria": {
      "has_white_wool": "2024-10-29 02:46:51 +0000"
    },
    "done": true
  },
  "betterend:recipes/misc/flavolite_slab": {
    "criteria": {
      "has_flavolite": "2024-10-29 02:48:53 +0000"
    },
    "done": true
  },
  "betterend:recipes/misc/flavolite_button": {
    "criteria": {
      "has_flavolite": "2024-10-29 02:48:53 +0000"
    },
    "done": true
  },
  "betterend:recipes/misc/flavolite_pressure_plate": {
    "criteria": {
      "has_flavolite": "2024-10-29 02:48:53 +0000"
    },
    "done": true
  },
  "minecraft:recipes/food/cooked_mutton_from_campfire_cooking": {
    "criteria": {
      "has_mutton": "2024-10-29 02:47:51 +0000"
    },
    "done": true
  },
  "farmersdelight:recipes/cooking/pasta_with_mutton_chop": {
    "criteria": {
      "has_any_ingredient": "2024-10-29 02:47:51 +0000"
    },
    "done": true
  },
  "betterend:recipes/misc/flavolite_bricks_stonecutting": {
    "criteria": {
      "has_block.betterend.flavolite": "2024-10-29 02:48:53 +0000"
    },
    "done": true
  },
  "minecraft:recipes/tools/stone_hoe": {
    "criteria": {
      "has_cobblestone": "2024-10-29 02:48:53 +0000"
    },
    "done": true
  },
  "DataVersion": 3465
}