{
  "rpg_series:root": {
    "criteria": {
      "always": "2024-10-30 03:19:27 +0000"
    },
    "done": true
  },
  "minecraft:recipes/decorations/crafting_table": {
    "criteria": {
      "unlock_right_away": "2024-10-30 03:19:27 +0000"
    },
    "done": true
  },
  "naturalist:recipes/food/cooked_egg": {
    "criteria": {
      "has_eggs": "2024-10-30 03:19:27 +0000"
    },
    "done": true
  },
  "dungeons_arise:wda_root": {
    "criteria": {
      "WDA": "2024-10-30 03:19:27 +0000"
    },
    "done": true
  },
  "betterdungeons:root": {
    "criteria": {
      "always": "2024-10-30 03:19:27 +0000"
    },
    "done": true
  },
  "betterdeserttemples:root": {
    "criteria": {
      "always": "2024-10-30 03:19:27 +0000"
    },
    "done": true
  },
  "farmersdelight:main/root": {
    "criteria": {
      "seeds": "2024-10-30 03:19:27 +0000"
    },
    "done": true
  },
  "betternether:root": {
    "criteria": {
      "welcome": "2024-10-30 03:19:28 +0000"
    },
    "done": true
  },
  "betterend:root": {
    "criteria": {
      "welcome": "2024-10-30 03:19:28 +0000"
    },
    "done": true
  },
  "minecraft:adventure/adventuring_time": {
    "criteria": {
      "minecraft:snowy_slopes": "2024-10-30 03:25:17 +0000",
      "minecraft:beach": "2024-10-30 03:26:00 +0000",
      "minecraft:forest": "2024-10-30 03:24:13 +0000",
      "minecraft:old_growth_birch_forest": "2024-10-30 03:25:21 +0000",
      "minecraft:plains": "2024-10-30 03:19:28 +0000"
    },
    "done": false
  },
  "DataVersion": 3465
}